post_label,post_url,post_category,page,date,observation_time_cst,cumulative_views,daily_views,account_new_follows,source,source_file
Algeria Fan Photo Challenge,https://www.facebook.com/photo?fbid=1322637199980032&set=a.583845910525835,Campaign announcement,Carlcare Service DZ (DZ),2026-06-16,2026-06-16 23:30,488,488,62,Meta Business Suite Object Insights Views chart,2026-07-16_DZ_Algeria-Fan-Photo-Challenge_Daily-Views.csv
Algeria Fan Photo Challenge,https://www.facebook.com/photo?fbid=1322637199980032&set=a.583845910525835,Campaign announcement,Carlcare Service DZ (DZ),2026-06-17,2026-06-17 23:30,753,265,1,Meta Business Suite Object Insights Views chart,2026-07-16_DZ_Algeria-Fan-Photo-Challenge_Daily-Views.csv
Algeria Fan Photo Challenge,https://www.facebook.com/photo?fbid=1322637199980032&set=a.583845910525835,Campaign announcement,Carlcare Service DZ (DZ),2026-06-18,2026-06-18 23:30,869,116,4,Meta Business Suite Object Insights Views chart,2026-07-16_DZ_Algeria-Fan-Photo-Challenge_Daily-Views.csv
Algeria Fan Photo Challenge,https://www.facebook.com/photo?fbid=1322637199980032&set=a.583845910525835,Campaign announcement,Carlcare Service DZ (DZ),2026-06-19,2026-06-19 23:30,923,54,2,Meta Business Suite Object Insights Views chart,2026-07-16_DZ_Algeria-Fan-Photo-Challenge_Daily-Views.csv
Algeria Fan Photo Challenge,https://www.facebook.com/photo?fbid=1322637199980032&set=a.583845910525835,Campaign announcement,Carlcare Service DZ (DZ),2026-06-20,2026-06-20 17:30,938,15,7,Meta Business Suite Object Insights Views chart,2026-07-16_DZ_Algeria-Fan-Photo-Challenge_Daily-Views.csv
Algeria Fan Photo Challenge,https://www.facebook.com/photo?fbid=1322637199980032&set=a.583845910525835,Campaign announcement,Carlcare Service DZ (DZ),2026-06-21,2026-06-21 17:30,980,42,9,Meta Business Suite Object Insights Views chart,2026-07-16_DZ_Algeria-Fan-Photo-Challenge_Daily-Views.csv
Algeria Fan Photo Challenge,https://www.facebook.com/photo?fbid=1322637199980032&set=a.583845910525835,Campaign announcement,Carlcare Service DZ (DZ),2026-06-22,2026-06-22 17:30,1013,33,6,Meta Business Suite Object Insights Views chart,2026-07-16_DZ_Algeria-Fan-Photo-Challenge_Daily-Views.csv
Algeria Fan Photo Challenge,https://www.facebook.com/photo?fbid=1322637199980032&set=a.583845910525835,Campaign announcement,Carlcare Service DZ (DZ),2026-06-23,2026-06-23 17:30,1044,31,4,Meta Business Suite Object Insights Views chart,2026-07-16_DZ_Algeria-Fan-Photo-Challenge_Daily-Views.csv
Algeria Fan Photo Challenge,https://www.facebook.com/photo?fbid=1322637199980032&set=a.583845910525835,Campaign announcement,Carlcare Service DZ (DZ),2026-06-24,2026-06-24 17:30,1050,6,13,Meta Business Suite Object Insights Views chart,2026-07-16_DZ_Algeria-Fan-Photo-Challenge_Daily-Views.csv
Algeria Fan Photo Challenge,https://www.facebook.com/photo?fbid=1322637199980032&set=a.583845910525835,Campaign announcement,Carlcare Service DZ (DZ),2026-06-25,2026-06-25 17:30,1064,14,19,Meta Business Suite Object Insights Views chart,2026-07-16_DZ_Algeria-Fan-Photo-Challenge_Daily-Views.csv
Algeria Fan Photo Challenge,https://www.facebook.com/photo?fbid=1322637199980032&set=a.583845910525835,Campaign announcement,Carlcare Service DZ (DZ),2026-06-26,2026-06-26 17:30,1067,3,19,Meta Business Suite Object Insights Views chart,2026-07-16_DZ_Algeria-Fan-Photo-Challenge_Daily-Views.csv
Algeria Fan Photo Challenge,https://www.facebook.com/photo?fbid=1322637199980032&set=a.583845910525835,Campaign announcement,Carlcare Service DZ (DZ),2026-06-27,2026-06-27 17:30,1070,3,13,Meta Business Suite Object Insights Views chart,2026-07-16_DZ_Algeria-Fan-Photo-Challenge_Daily-Views.csv
Algeria Fan Photo Challenge,https://www.facebook.com/photo?fbid=1322637199980032&set=a.583845910525835,Campaign announcement,Carlcare Service DZ (DZ),2026-06-28,2026-06-28 17:30,1073,3,4,Meta Business Suite Object Insights Views chart,2026-07-16_DZ_Algeria-Fan-Photo-Challenge_Daily-Views.csv
Algeria Fan Photo Challenge,https://www.facebook.com/photo?fbid=1322637199980032&set=a.583845910525835,Campaign announcement,Carlcare Service DZ (DZ),2026-06-29,2026-06-29 17:30,1078,5,6,Meta Business Suite Object Insights Views chart,2026-07-16_DZ_Algeria-Fan-Photo-Challenge_Daily-Views.csv
Algeria Fan Photo Challenge,https://www.facebook.com/photo?fbid=1322637199980032&set=a.583845910525835,Campaign announcement,Carlcare Service DZ (DZ),2026-06-30,2026-06-30 17:30,1081,3,396,Meta Business Suite Object Insights Views chart,2026-07-16_DZ_Algeria-Fan-Photo-Challenge_Daily-Views.csv
Algeria Fan Photo Challenge,https://www.facebook.com/photo?fbid=1322637199980032&set=a.583845910525835,Campaign announcement,Carlcare Service DZ (DZ),2026-07-01,2026-07-01 17:30,1103,22,125,Meta Business Suite Object Insights Views chart,2026-07-16_DZ_Algeria-Fan-Photo-Challenge_Daily-Views.csv
Algeria Fan Photo Challenge,https://www.facebook.com/photo?fbid=1322637199980032&set=a.583845910525835,Campaign announcement,Carlcare Service DZ (DZ),2026-07-02,2026-07-02 17:30,1113,10,59,Meta Business Suite Object Insights Views chart,2026-07-16_DZ_Algeria-Fan-Photo-Challenge_Daily-Views.csv
Algeria Fan Photo Challenge,https://www.facebook.com/photo?fbid=1322637199980032&set=a.583845910525835,Campaign announcement,Carlcare Service DZ (DZ),2026-07-03,2026-07-03 17:30,1122,9,7,Meta Business Suite Object Insights Views chart,2026-07-16_DZ_Algeria-Fan-Photo-Challenge_Daily-Views.csv
Algeria Fan Photo Challenge,https://www.facebook.com/photo?fbid=1322637199980032&set=a.583845910525835,Campaign announcement,Carlcare Service DZ (DZ),2026-07-04,2026-07-04 17:30,1126,4,5,Meta Business Suite Object Insights Views chart,2026-07-16_DZ_Algeria-Fan-Photo-Challenge_Daily-Views.csv
Algeria Fan Photo Challenge,https://www.facebook.com/photo?fbid=1322637199980032&set=a.583845910525835,Campaign announcement,Carlcare Service DZ (DZ),2026-07-05,2026-07-05 17:30,1126,0,3,Meta Business Suite Object Insights Views chart,2026-07-16_DZ_Algeria-Fan-Photo-Challenge_Daily-Views.csv
Algeria Fan Photo Challenge,https://www.facebook.com/photo?fbid=1322637199980032&set=a.583845910525835,Campaign announcement,Carlcare Service DZ (DZ),2026-07-06,2026-07-06 17:30,1127,1,15,Meta Business Suite Object Insights Views chart,2026-07-16_DZ_Algeria-Fan-Photo-Challenge_Daily-Views.csv
Algeria Fan Photo Challenge,https://www.facebook.com/photo?fbid=1322637199980032&set=a.583845910525835,Campaign announcement,Carlcare Service DZ (DZ),2026-07-07,2026-07-07 17:30,1132,5,9,Meta Business Suite Object Insights Views chart,2026-07-16_DZ_Algeria-Fan-Photo-Challenge_Daily-Views.csv
Algeria vs Austria Prediction,https://www.facebook.com/photo?fbid=1329127315997687&set=a.583845910525835,Prediction campaign,Carlcare Service DZ (DZ),2026-06-25,2026-06-25 23:00,3790,3790,19,Meta Business Suite Object Insights Views chart,2026-07-16_DZ_Algeria-vs-Austria-Prediction_Daily-Views.csv
Algeria vs Austria Prediction,https://www.facebook.com/photo?fbid=1329127315997687&set=a.583845910525835,Prediction campaign,Carlcare Service DZ (DZ),2026-06-26,2026-06-26 21:00,5370,1580,19,Meta Business Suite Object Insights Views chart,2026-07-16_DZ_Algeria-vs-Austria-Prediction_Daily-Views.csv
Algeria vs Austria Prediction,https://www.facebook.com/photo?fbid=1329127315997687&set=a.583845910525835,Prediction campaign,Carlcare Service DZ (DZ),2026-06-27,2026-06-27 21:00,6004,634,13,Meta Business Suite Object Insights Views chart,2026-07-16_DZ_Algeria-vs-Austria-Prediction_Daily-Views.csv
Algeria vs Austria Prediction,https://www.facebook.com/photo?fbid=1329127315997687&set=a.583845910525835,Prediction campaign,Carlcare Service DZ (DZ),2026-06-28,2026-06-28 21:00,6507,503,4,Meta Business Suite Object Insights Views chart,2026-07-16_DZ_Algeria-vs-Austria-Prediction_Daily-Views.csv
Algeria vs Austria Prediction,https://www.facebook.com/photo?fbid=1329127315997687&set=a.583845910525835,Prediction campaign,Carlcare Service DZ (DZ),2026-06-29,2026-06-29 15:00,6630,123,6,Meta Business Suite Object Insights Views chart,2026-07-16_DZ_Algeria-vs-Austria-Prediction_Daily-Views.csv
Algeria vs Austria Prediction,https://www.facebook.com/photo?fbid=1329127315997687&set=a.583845910525835,Prediction campaign,Carlcare Service DZ (DZ),2026-06-30,2026-06-30 15:00,6790,160,396,Meta Business Suite Object Insights Views chart,2026-07-16_DZ_Algeria-vs-Austria-Prediction_Daily-Views.csv
Algeria vs Austria Prediction,https://www.facebook.com/photo?fbid=1329127315997687&set=a.583845910525835,Prediction campaign,Carlcare Service DZ (DZ),2026-07-01,2026-07-01 15:00,6987,197,125,Meta Business Suite Object Insights Views chart,2026-07-16_DZ_Algeria-vs-Austria-Prediction_Daily-Views.csv
Algeria vs Austria Prediction,https://www.facebook.com/photo?fbid=1329127315997687&set=a.583845910525835,Prediction campaign,Carlcare Service DZ (DZ),2026-07-02,2026-07-02 03:00,7081,94,59,Meta Business Suite Object Insights Views chart,2026-07-16_DZ_Algeria-vs-Austria-Prediction_Daily-Views.csv
Algeria vs Austria Prediction,https://www.facebook.com/photo?fbid=1329127315997687&set=a.583845910525835,Prediction campaign,Carlcare Service DZ (DZ),2026-07-03,2026-07-03 03:00,7227,146,7,Meta Business Suite Object Insights Views chart,2026-07-16_DZ_Algeria-vs-Austria-Prediction_Daily-Views.csv
Algeria vs Austria Prediction,https://www.facebook.com/photo?fbid=1329127315997687&set=a.583845910525835,Prediction campaign,Carlcare Service DZ (DZ),2026-07-04,2026-07-04 03:00,7298,71,5,Meta Business Suite Object Insights Views chart,2026-07-16_DZ_Algeria-vs-Austria-Prediction_Daily-Views.csv
Algeria vs Austria Prediction,https://www.facebook.com/photo?fbid=1329127315997687&set=a.583845910525835,Prediction campaign,Carlcare Service DZ (DZ),2026-07-05,2026-07-05 03:00,7322,24,3,Meta Business Suite Object Insights Views chart,2026-07-16_DZ_Algeria-vs-Austria-Prediction_Daily-Views.csv
Algeria vs Austria Prediction,https://www.facebook.com/photo?fbid=1329127315997687&set=a.583845910525835,Prediction campaign,Carlcare Service DZ (DZ),2026-07-06,2026-07-06 03:00,7338,16,15,Meta Business Suite Object Insights Views chart,2026-07-16_DZ_Algeria-vs-Austria-Prediction_Daily-Views.csv
Algeria vs Austria Prediction,https://www.facebook.com/photo?fbid=1329127315997687&set=a.583845910525835,Prediction campaign,Carlcare Service DZ (DZ),2026-07-07,2026-07-07 03:00,7367,29,9,Meta Business Suite Object Insights Views chart,2026-07-16_DZ_Algeria-vs-Austria-Prediction_Daily-Views.csv
Algeria vs Austria Prediction,https://www.facebook.com/photo?fbid=1329127315997687&set=a.583845910525835,Prediction campaign,Carlcare Service DZ (DZ),2026-07-08,2026-07-08 03:00,7399,32,10,Meta Business Suite Object Insights Views chart,2026-07-16_DZ_Algeria-vs-Austria-Prediction_Daily-Views.csv
Algeria vs Austria Prediction,https://www.facebook.com/photo?fbid=1329127315997687&set=a.583845910525835,Prediction campaign,Carlcare Service DZ (DZ),2026-07-09,2026-07-09 03:00,7416,17,3,Meta Business Suite Object Insights Views chart,2026-07-16_DZ_Algeria-vs-Austria-Prediction_Daily-Views.csv
Algeria vs Austria Prediction,https://www.facebook.com/photo?fbid=1329127315997687&set=a.583845910525835,Prediction campaign,Carlcare Service DZ (DZ),2026-07-10,2026-07-10 03:00,7422,6,3,Meta Business Suite Object Insights Views chart,2026-07-16_DZ_Algeria-vs-Austria-Prediction_Daily-Views.csv
Algeria vs Austria Prediction,https://www.facebook.com/photo?fbid=1329127315997687&set=a.583845910525835,Prediction campaign,Carlcare Service DZ (DZ),2026-07-11,2026-07-11 03:00,7427,5,4,Meta Business Suite Object Insights Views chart,2026-07-16_DZ_Algeria-vs-Austria-Prediction_Daily-Views.csv
Algeria vs Austria Prediction,https://www.facebook.com/photo?fbid=1329127315997687&set=a.583845910525835,Prediction campaign,Carlcare Service DZ (DZ),2026-07-12,2026-07-12 03:00,7431,4,0,Meta Business Suite Object Insights Views chart,2026-07-16_DZ_Algeria-vs-Austria-Prediction_Daily-Views.csv
Algeria vs Austria Prediction,https://www.facebook.com/photo?fbid=1329127315997687&set=a.583845910525835,Prediction campaign,Carlcare Service DZ (DZ),2026-07-13,2026-07-13 03:00,7439,8,1,Meta Business Suite Object Insights Views chart,2026-07-16_DZ_Algeria-vs-Austria-Prediction_Daily-Views.csv
Algeria vs Austria Prediction,https://www.facebook.com/photo?fbid=1329127315997687&set=a.583845910525835,Prediction campaign,Carlcare Service DZ (DZ),2026-07-14,2026-07-14 03:00,7448,9,1,Meta Business Suite Object Insights Views chart,2026-07-16_DZ_Algeria-vs-Austria-Prediction_Daily-Views.csv
Algeria vs Austria Prediction,https://www.facebook.com/photo?fbid=1329127315997687&set=a.583845910525835,Prediction campaign,Carlcare Service DZ (DZ),2026-07-15,2026-07-15 03:00,7459,11,3,Meta Business Suite Object Insights Views chart,2026-07-16_DZ_Algeria-vs-Austria-Prediction_Daily-Views.csv
Algeria vs Austria Prediction,https://www.facebook.com/photo?fbid=1329127315997687&set=a.583845910525835,Prediction campaign,Carlcare Service DZ (DZ),2026-07-16,2026-07-16 03:00,7466,7,0,Meta Business Suite Object Insights Views chart,2026-07-16_DZ_Algeria-vs-Austria-Prediction_Daily-Views.csv
Algeria vs Jordan Winners Announcement,https://www.facebook.com/photo?fbid=1329121949331557&set=a.583845910525835,Winner announcement,Carlcare Service DZ (DZ),2026-06-23,2026-06-23 23:57,325,325,4,Meta Business Suite Object Insights Views chart,2026-07-16_DZ_Algeria-vs-Jordan-Winners-Announcement_Daily-Views.csv
Algeria vs Jordan Winners Announcement,https://www.facebook.com/photo?fbid=1329121949331557&set=a.583845910525835,Winner announcement,Carlcare Service DZ (DZ),2026-06-24,2026-06-24 22:57,396,71,13,Meta Business Suite Object Insights Views chart,2026-07-16_DZ_Algeria-vs-Jordan-Winners-Announcement_Daily-Views.csv
Algeria vs Jordan Winners Announcement,https://www.facebook.com/photo?fbid=1329121949331557&set=a.583845910525835,Winner announcement,Carlcare Service DZ (DZ),2026-06-25,2026-06-25 19:57,438,42,19,Meta Business Suite Object Insights Views chart,2026-07-16_DZ_Algeria-vs-Jordan-Winners-Announcement_Daily-Views.csv
Algeria vs Jordan Winners Announcement,https://www.facebook.com/photo?fbid=1329121949331557&set=a.583845910525835,Winner announcement,Carlcare Service DZ (DZ),2026-06-26,2026-06-26 19:57,461,23,19,Meta Business Suite Object Insights Views chart,2026-07-16_DZ_Algeria-vs-Jordan-Winners-Announcement_Daily-Views.csv
Algeria vs Jordan Winners Announcement,https://www.facebook.com/photo?fbid=1329121949331557&set=a.583845910525835,Winner announcement,Carlcare Service DZ (DZ),2026-06-27,2026-06-27 19:57,482,21,13,Meta Business Suite Object Insights Views chart,2026-07-16_DZ_Algeria-vs-Jordan-Winners-Announcement_Daily-Views.csv
Algeria vs Jordan Winners Announcement,https://www.facebook.com/photo?fbid=1329121949331557&set=a.583845910525835,Winner announcement,Carlcare Service DZ (DZ),2026-06-28,2026-06-28 19:57,497,15,4,Meta Business Suite Object Insights Views chart,2026-07-16_DZ_Algeria-vs-Jordan-Winners-Announcement_Daily-Views.csv
Algeria vs Jordan Winners Announcement,https://www.facebook.com/photo?fbid=1329121949331557&set=a.583845910525835,Winner announcement,Carlcare Service DZ (DZ),2026-06-29,2026-06-29 19:57,507,10,6,Meta Business Suite Object Insights Views chart,2026-07-16_DZ_Algeria-vs-Jordan-Winners-Announcement_Daily-Views.csv
Algeria vs Jordan Winners Announcement,https://www.facebook.com/photo?fbid=1329121949331557&set=a.583845910525835,Winner announcement,Carlcare Service DZ (DZ),2026-06-30,2026-06-30 19:57,518,11,396,Meta Business Suite Object Insights Views chart,2026-07-16_DZ_Algeria-vs-Jordan-Winners-Announcement_Daily-Views.csv
Algeria vs Jordan Winners Announcement,https://www.facebook.com/photo?fbid=1329121949331557&set=a.583845910525835,Winner announcement,Carlcare Service DZ (DZ),2026-07-01,2026-07-01 19:57,582,64,125,Meta Business Suite Object Insights Views chart,2026-07-16_DZ_Algeria-vs-Jordan-Winners-Announcement_Daily-Views.csv
Algeria vs Jordan Winners Announcement,https://www.facebook.com/photo?fbid=1329121949331557&set=a.583845910525835,Winner announcement,Carlcare Service DZ (DZ),2026-07-02,2026-07-02 19:57,611,29,59,Meta Business Suite Object Insights Views chart,2026-07-16_DZ_Algeria-vs-Jordan-Winners-Announcement_Daily-Views.csv
Algeria vs Jordan Winners Announcement,https://www.facebook.com/photo?fbid=1329121949331557&set=a.583845910525835,Winner announcement,Carlcare Service DZ (DZ),2026-07-03,2026-07-03 19:57,627,16,7,Meta Business Suite Object Insights Views chart,2026-07-16_DZ_Algeria-vs-Jordan-Winners-Announcement_Daily-Views.csv
Algeria vs Jordan Winners Announcement,https://www.facebook.com/photo?fbid=1329121949331557&set=a.583845910525835,Winner announcement,Carlcare Service DZ (DZ),2026-07-04,2026-07-04 19:57,638,11,5,Meta Business Suite Object Insights Views chart,2026-07-16_DZ_Algeria-vs-Jordan-Winners-Announcement_Daily-Views.csv
Algeria vs Jordan Winners Announcement,https://www.facebook.com/photo?fbid=1329121949331557&set=a.583845910525835,Winner announcement,Carlcare Service DZ (DZ),2026-07-05,2026-07-05 19:57,642,4,3,Meta Business Suite Object Insights Views chart,2026-07-16_DZ_Algeria-vs-Jordan-Winners-Announcement_Daily-Views.csv
Algeria vs Jordan Winners Announcement,https://www.facebook.com/photo?fbid=1329121949331557&set=a.583845910525835,Winner announcement,Carlcare Service DZ (DZ),2026-07-06,2026-07-06 19:57,648,6,15,Meta Business Suite Object Insights Views chart,2026-07-16_DZ_Algeria-vs-Jordan-Winners-Announcement_Daily-Views.csv
Algeria vs Jordan Winners Announcement,https://www.facebook.com/photo?fbid=1329121949331557&set=a.583845910525835,Winner announcement,Carlcare Service DZ (DZ),2026-07-07,2026-07-07 19:57,661,13,9,Meta Business Suite Object Insights Views chart,2026-07-16_DZ_Algeria-vs-Jordan-Winners-Announcement_Daily-Views.csv
Algeria vs Jordan Winners Announcement,https://www.facebook.com/photo?fbid=1329121949331557&set=a.583845910525835,Winner announcement,Carlcare Service DZ (DZ),2026-07-08,2026-07-08 19:57,685,24,10,Meta Business Suite Object Insights Views chart,2026-07-16_DZ_Algeria-vs-Jordan-Winners-Announcement_Daily-Views.csv
Algeria vs Jordan Winners Announcement,https://www.facebook.com/photo?fbid=1329121949331557&set=a.583845910525835,Winner announcement,Carlcare Service DZ (DZ),2026-07-09,2026-07-09 19:57,687,2,3,Meta Business Suite Object Insights Views chart,2026-07-16_DZ_Algeria-vs-Jordan-Winners-Announcement_Daily-Views.csv
Algeria vs Jordan Winners Announcement,https://www.facebook.com/photo?fbid=1329121949331557&set=a.583845910525835,Winner announcement,Carlcare Service DZ (DZ),2026-07-10,2026-07-10 19:57,688,1,3,Meta Business Suite Object Insights Views chart,2026-07-16_DZ_Algeria-vs-Jordan-Winners-Announcement_Daily-Views.csv
Algeria vs Jordan Winners Announcement,https://www.facebook.com/photo?fbid=1329121949331557&set=a.583845910525835,Winner announcement,Carlcare Service DZ (DZ),2026-07-11,2026-07-11 19:57,690,2,4,Meta Business Suite Object Insights Views chart,2026-07-16_DZ_Algeria-vs-Jordan-Winners-Announcement_Daily-Views.csv
Algeria vs Jordan Winners Announcement,https://www.facebook.com/photo?fbid=1329121949331557&set=a.583845910525835,Winner announcement,Carlcare Service DZ (DZ),2026-07-12,2026-07-12 19:57,692,2,0,Meta Business Suite Object Insights Views chart,2026-07-16_DZ_Algeria-vs-Jordan-Winners-Announcement_Daily-Views.csv
Algeria vs Jordan Winners Announcement,https://www.facebook.com/photo?fbid=1329121949331557&set=a.583845910525835,Winner announcement,Carlcare Service DZ (DZ),2026-07-13,2026-07-13 19:57,696,4,1,Meta Business Suite Object Insights Views chart,2026-07-16_DZ_Algeria-vs-Jordan-Winners-Announcement_Daily-Views.csv
Algeria vs Jordan Winners Announcement,https://www.facebook.com/photo?fbid=1329121949331557&set=a.583845910525835,Winner announcement,Carlcare Service DZ (DZ),2026-07-14,2026-07-14 19:57,699,3,1,Meta Business Suite Object Insights Views chart,2026-07-16_DZ_Algeria-vs-Jordan-Winners-Announcement_Daily-Views.csv
Algeria vs Switzerland Prediction,https://www.facebook.com/photo?fbid=1334868935423525&set=a.583845910525835,Prediction campaign,Carlcare Service DZ (DZ),2026-06-30,2026-06-30 23:46,8367,8367,396,Meta Business Suite Object Insights Views chart,2026-07-16_DZ_Algeria-vs-Switzerland-Prediction_Daily-Views.csv
Algeria vs Switzerland Prediction,https://www.facebook.com/photo?fbid=1334868935423525&set=a.583845910525835,Prediction campaign,Carlcare Service DZ (DZ),2026-07-01,2026-07-01 22:46,35300,26933,125,Meta Business Suite Object Insights Views chart,2026-07-16_DZ_Algeria-vs-Switzerland-Prediction_Daily-Views.csv
Algeria vs Switzerland Prediction,https://www.facebook.com/photo?fbid=1334868935423525&set=a.583845910525835,Prediction campaign,Carlcare Service DZ (DZ),2026-07-02,2026-07-02 19:46,39474,4174,59,Meta Business Suite Object Insights Views chart,2026-07-16_DZ_Algeria-vs-Switzerland-Prediction_Daily-Views.csv
Algeria vs Switzerland Prediction,https://www.facebook.com/photo?fbid=1334868935423525&set=a.583845910525835,Prediction campaign,Carlcare Service DZ (DZ),2026-07-03,2026-07-03 19:46,42659,3185,7,Meta Business Suite Object Insights Views chart,2026-07-16_DZ_Algeria-vs-Switzerland-Prediction_Daily-Views.csv
Algeria vs Switzerland Prediction,https://www.facebook.com/photo?fbid=1334868935423525&set=a.583845910525835,Prediction campaign,Carlcare Service DZ (DZ),2026-07-04,2026-07-04 19:46,43556,897,5,Meta Business Suite Object Insights Views chart,2026-07-16_DZ_Algeria-vs-Switzerland-Prediction_Daily-Views.csv
Algeria vs Switzerland Prediction,https://www.facebook.com/photo?fbid=1334868935423525&set=a.583845910525835,Prediction campaign,Carlcare Service DZ (DZ),2026-07-05,2026-07-05 19:46,43854,298,3,Meta Business Suite Object Insights Views chart,2026-07-16_DZ_Algeria-vs-Switzerland-Prediction_Daily-Views.csv
Algeria vs Switzerland Prediction,https://www.facebook.com/photo?fbid=1334868935423525&set=a.583845910525835,Prediction campaign,Carlcare Service DZ (DZ),2026-07-06,2026-07-06 19:46,44095,241,15,Meta Business Suite Object Insights Views chart,2026-07-16_DZ_Algeria-vs-Switzerland-Prediction_Daily-Views.csv
Algeria vs Switzerland Prediction,https://www.facebook.com/photo?fbid=1334868935423525&set=a.583845910525835,Prediction campaign,Carlcare Service DZ (DZ),2026-07-07,2026-07-07 19:46,44311,216,9,Meta Business Suite Object Insights Views chart,2026-07-16_DZ_Algeria-vs-Switzerland-Prediction_Daily-Views.csv
Algeria vs Switzerland Prediction,https://www.facebook.com/photo?fbid=1334868935423525&set=a.583845910525835,Prediction campaign,Carlcare Service DZ (DZ),2026-07-08,2026-07-08 19:46,44406,95,10,Meta Business Suite Object Insights Views chart,2026-07-16_DZ_Algeria-vs-Switzerland-Prediction_Daily-Views.csv
Algeria vs Switzerland Prediction,https://www.facebook.com/photo?fbid=1334868935423525&set=a.583845910525835,Prediction campaign,Carlcare Service DZ (DZ),2026-07-09,2026-07-09 19:46,44481,75,3,Meta Business Suite Object Insights Views chart,2026-07-16_DZ_Algeria-vs-Switzerland-Prediction_Daily-Views.csv
Algeria vs Switzerland Prediction,https://www.facebook.com/photo?fbid=1334868935423525&set=a.583845910525835,Prediction campaign,Carlcare Service DZ (DZ),2026-07-10,2026-07-10 19:46,44523,42,3,Meta Business Suite Object Insights Views chart,2026-07-16_DZ_Algeria-vs-Switzerland-Prediction_Daily-Views.csv
Algeria vs Switzerland Prediction,https://www.facebook.com/photo?fbid=1334868935423525&set=a.583845910525835,Prediction campaign,Carlcare Service DZ (DZ),2026-07-11,2026-07-11 19:46,44554,31,4,Meta Business Suite Object Insights Views chart,2026-07-16_DZ_Algeria-vs-Switzerland-Prediction_Daily-Views.csv
Algeria vs Switzerland Prediction,https://www.facebook.com/photo?fbid=1334868935423525&set=a.583845910525835,Prediction campaign,Carlcare Service DZ (DZ),2026-07-12,2026-07-12 19:46,44581,27,0,Meta Business Suite Object Insights Views chart,2026-07-16_DZ_Algeria-vs-Switzerland-Prediction_Daily-Views.csv
Algeria vs Switzerland Prediction,https://www.facebook.com/photo?fbid=1334868935423525&set=a.583845910525835,Prediction campaign,Carlcare Service DZ (DZ),2026-07-13,2026-07-13 19:46,44617,36,1,Meta Business Suite Object Insights Views chart,2026-07-16_DZ_Algeria-vs-Switzerland-Prediction_Daily-Views.csv
Algeria vs Switzerland Prediction,https://www.facebook.com/photo?fbid=1334868935423525&set=a.583845910525835,Prediction campaign,Carlcare Service DZ (DZ),2026-07-14,2026-07-14 19:46,44645,28,1,Meta Business Suite Object Insights Views chart,2026-07-16_DZ_Algeria-vs-Switzerland-Prediction_Daily-Views.csv
Algeria vs Switzerland Prediction,https://www.facebook.com/photo?fbid=1334868935423525&set=a.583845910525835,Prediction campaign,Carlcare Service DZ (DZ),2026-07-15,2026-07-15 19:46,44674,29,3,Meta Business Suite Object Insights Views chart,2026-07-16_DZ_Algeria-vs-Switzerland-Prediction_Daily-Views.csv
Algeria vs Switzerland Winners Announcement,https://www.facebook.com/photo?fbid=1339904881586597&set=a.583845910525835,Winner announcement,Carlcare Service DZ (DZ),2026-07-06,2026-07-06 23:50,1234,1234,15,Meta Business Suite Object Insights Views chart,2026-07-16_DZ_Algeria-vs-Switzerland-Winners-Announcement_Daily-Views.csv
Algeria vs Switzerland Winners Announcement,https://www.facebook.com/photo?fbid=1339904881586597&set=a.583845910525835,Winner announcement,Carlcare Service DZ (DZ),2026-07-07,2026-07-07 23:20,2222,988,9,Meta Business Suite Object Insights Views chart,2026-07-16_DZ_Algeria-vs-Switzerland-Winners-Announcement_Daily-Views.csv
Algeria vs Switzerland Winners Announcement,https://www.facebook.com/photo?fbid=1339904881586597&set=a.583845910525835,Winner announcement,Carlcare Service DZ (DZ),2026-07-08,2026-07-08 23:20,2492,270,10,Meta Business Suite Object Insights Views chart,2026-07-16_DZ_Algeria-vs-Switzerland-Winners-Announcement_Daily-Views.csv
Algeria vs Switzerland Winners Announcement,https://www.facebook.com/photo?fbid=1339904881586597&set=a.583845910525835,Winner announcement,Carlcare Service DZ (DZ),2026-07-09,2026-07-09 23:20,2673,181,3,Meta Business Suite Object Insights Views chart,2026-07-16_DZ_Algeria-vs-Switzerland-Winners-Announcement_Daily-Views.csv
Algeria vs Switzerland Winners Announcement,https://www.facebook.com/photo?fbid=1339904881586597&set=a.583845910525835,Winner announcement,Carlcare Service DZ (DZ),2026-07-10,2026-07-10 17:20,2681,8,3,Meta Business Suite Object Insights Views chart,2026-07-16_DZ_Algeria-vs-Switzerland-Winners-Announcement_Daily-Views.csv
Algeria vs Switzerland Winners Announcement,https://www.facebook.com/photo?fbid=1339904881586597&set=a.583845910525835,Winner announcement,Carlcare Service DZ (DZ),2026-07-11,2026-07-11 17:20,2710,29,4,Meta Business Suite Object Insights Views chart,2026-07-16_DZ_Algeria-vs-Switzerland-Winners-Announcement_Daily-Views.csv
Algeria vs Switzerland Winners Announcement,https://www.facebook.com/photo?fbid=1339904881586597&set=a.583845910525835,Winner announcement,Carlcare Service DZ (DZ),2026-07-12,2026-07-12 17:20,2736,26,0,Meta Business Suite Object Insights Views chart,2026-07-16_DZ_Algeria-vs-Switzerland-Winners-Announcement_Daily-Views.csv
Algeria vs Switzerland Winners Announcement,https://www.facebook.com/photo?fbid=1339904881586597&set=a.583845910525835,Winner announcement,Carlcare Service DZ (DZ),2026-07-13,2026-07-13 17:20,2749,13,1,Meta Business Suite Object Insights Views chart,2026-07-16_DZ_Algeria-vs-Switzerland-Winners-Announcement_Daily-Views.csv
Algeria vs Switzerland Winners Announcement,https://www.facebook.com/photo?fbid=1339904881586597&set=a.583845910525835,Winner announcement,Carlcare Service DZ (DZ),2026-07-14,2026-07-14 17:20,2758,9,1,Meta Business Suite Object Insights Views chart,2026-07-16_DZ_Algeria-vs-Switzerland-Winners-Announcement_Daily-Views.csv
Algeria vs Switzerland Winners Announcement,https://www.facebook.com/photo?fbid=1339904881586597&set=a.583845910525835,Winner announcement,Carlcare Service DZ (DZ),2026-07-15,2026-07-15 17:20,2773,15,3,Meta Business Suite Object Insights Views chart,2026-07-16_DZ_Algeria-vs-Switzerland-Winners-Announcement_Daily-Views.csv
Argentina vs Algeria Prediction,https://www.facebook.com/photo?fbid=1321717596738659&set=a.583845910525835,Prediction campaign,Carlcare Service DZ (DZ),2026-06-14,2026-06-14 23:57,9313,9313,173,Meta Business Suite Object Insights Views chart,2026-07-16_DZ_Argentina-vs-Algeria-Prediction_Daily-Views.csv
Argentina vs Algeria Prediction,https://www.facebook.com/photo?fbid=1321717596738659&set=a.583845910525835,Prediction campaign,Carlcare Service DZ (DZ),2026-06-15,2026-06-15 21:27,27321,18008,73,Meta Business Suite Object Insights Views chart,2026-07-16_DZ_Argentina-vs-Algeria-Prediction_Daily-Views.csv
Argentina vs Algeria Prediction,https://www.facebook.com/photo?fbid=1321717596738659&set=a.583845910525835,Prediction campaign,Carlcare Service DZ (DZ),2026-06-16,2026-06-16 18:27,29726,2405,62,Meta Business Suite Object Insights Views chart,2026-07-16_DZ_Argentina-vs-Algeria-Prediction_Daily-Views.csv
Argentina vs Algeria Prediction,https://www.facebook.com/photo?fbid=1321717596738659&set=a.583845910525835,Prediction campaign,Carlcare Service DZ (DZ),2026-06-17,2026-06-17 18:27,30730,1004,1,Meta Business Suite Object Insights Views chart,2026-07-16_DZ_Argentina-vs-Algeria-Prediction_Daily-Views.csv
Argentina vs Algeria Prediction,https://www.facebook.com/photo?fbid=1321717596738659&set=a.583845910525835,Prediction campaign,Carlcare Service DZ (DZ),2026-06-18,2026-06-18 18:27,30957,227,4,Meta Business Suite Object Insights Views chart,2026-07-16_DZ_Argentina-vs-Algeria-Prediction_Daily-Views.csv
Argentina vs Algeria Prediction,https://www.facebook.com/photo?fbid=1321717596738659&set=a.583845910525835,Prediction campaign,Carlcare Service DZ (DZ),2026-06-19,2026-06-19 18:27,31085,128,2,Meta Business Suite Object Insights Views chart,2026-07-16_DZ_Argentina-vs-Algeria-Prediction_Daily-Views.csv
Argentina vs Algeria Prediction,https://www.facebook.com/photo?fbid=1321717596738659&set=a.583845910525835,Prediction campaign,Carlcare Service DZ (DZ),2026-06-20,2026-06-20 18:27,31147,62,7,Meta Business Suite Object Insights Views chart,2026-07-16_DZ_Argentina-vs-Algeria-Prediction_Daily-Views.csv
Argentina vs Algeria Prediction,https://www.facebook.com/photo?fbid=1321717596738659&set=a.583845910525835,Prediction campaign,Carlcare Service DZ (DZ),2026-06-21,2026-06-21 18:27,31216,69,9,Meta Business Suite Object Insights Views chart,2026-07-16_DZ_Argentina-vs-Algeria-Prediction_Daily-Views.csv
Argentina vs Algeria Prediction,https://www.facebook.com/photo?fbid=1321717596738659&set=a.583845910525835,Prediction campaign,Carlcare Service DZ (DZ),2026-06-22,2026-06-22 18:27,31276,60,6,Meta Business Suite Object Insights Views chart,2026-07-16_DZ_Argentina-vs-Algeria-Prediction_Daily-Views.csv
Argentina vs Algeria Prediction,https://www.facebook.com/photo?fbid=1321717596738659&set=a.583845910525835,Prediction campaign,Carlcare Service DZ (DZ),2026-06-23,2026-06-23 18:27,31332,56,4,Meta Business Suite Object Insights Views chart,2026-07-16_DZ_Argentina-vs-Algeria-Prediction_Daily-Views.csv
Argentina vs Algeria Prediction,https://www.facebook.com/photo?fbid=1321717596738659&set=a.583845910525835,Prediction campaign,Carlcare Service DZ (DZ),2026-06-24,2026-06-24 18:27,31356,24,13,Meta Business Suite Object Insights Views chart,2026-07-16_DZ_Argentina-vs-Algeria-Prediction_Daily-Views.csv
Argentina vs Algeria Prediction,https://www.facebook.com/photo?fbid=1321717596738659&set=a.583845910525835,Prediction campaign,Carlcare Service DZ (DZ),2026-06-25,2026-06-25 18:27,31375,19,19,Meta Business Suite Object Insights Views chart,2026-07-16_DZ_Argentina-vs-Algeria-Prediction_Daily-Views.csv
Argentina vs Algeria Prediction,https://www.facebook.com/photo?fbid=1321717596738659&set=a.583845910525835,Prediction campaign,Carlcare Service DZ (DZ),2026-06-26,2026-06-26 18:27,31392,17,19,Meta Business Suite Object Insights Views chart,2026-07-16_DZ_Argentina-vs-Algeria-Prediction_Daily-Views.csv
Argentina vs Algeria Prediction,https://www.facebook.com/photo?fbid=1321717596738659&set=a.583845910525835,Prediction campaign,Carlcare Service DZ (DZ),2026-06-27,2026-06-27 18:27,31402,10,13,Meta Business Suite Object Insights Views chart,2026-07-16_DZ_Argentina-vs-Algeria-Prediction_Daily-Views.csv
Argentina vs Algeria Prediction,https://www.facebook.com/photo?fbid=1321717596738659&set=a.583845910525835,Prediction campaign,Carlcare Service DZ (DZ),2026-06-28,2026-06-28 18:27,31418,16,4,Meta Business Suite Object Insights Views chart,2026-07-16_DZ_Argentina-vs-Algeria-Prediction_Daily-Views.csv
Argentina vs Algeria Prediction,https://www.facebook.com/photo?fbid=1321717596738659&set=a.583845910525835,Prediction campaign,Carlcare Service DZ (DZ),2026-06-29,2026-06-29 18:27,31426,8,6,Meta Business Suite Object Insights Views chart,2026-07-16_DZ_Argentina-vs-Algeria-Prediction_Daily-Views.csv
Argentina vs Algeria Prediction,https://www.facebook.com/photo?fbid=1321717596738659&set=a.583845910525835,Prediction campaign,Carlcare Service DZ (DZ),2026-06-30,2026-06-30 18:27,31432,6,396,Meta Business Suite Object Insights Views chart,2026-07-16_DZ_Argentina-vs-Algeria-Prediction_Daily-Views.csv
Argentina vs Algeria Prediction,https://www.facebook.com/photo?fbid=1321717596738659&set=a.583845910525835,Prediction campaign,Carlcare Service DZ (DZ),2026-07-01,2026-07-01 18:27,31457,25,125,Meta Business Suite Object Insights Views chart,2026-07-16_DZ_Argentina-vs-Algeria-Prediction_Daily-Views.csv
Argentina vs Algeria Prediction,https://www.facebook.com/photo?fbid=1321717596738659&set=a.583845910525835,Prediction campaign,Carlcare Service DZ (DZ),2026-07-02,2026-07-02 18:27,31468,11,59,Meta Business Suite Object Insights Views chart,2026-07-16_DZ_Argentina-vs-Algeria-Prediction_Daily-Views.csv
Argentina vs Algeria Prediction,https://www.facebook.com/photo?fbid=1321717596738659&set=a.583845910525835,Prediction campaign,Carlcare Service DZ (DZ),2026-07-03,2026-07-03 18:27,31484,16,7,Meta Business Suite Object Insights Views chart,2026-07-16_DZ_Argentina-vs-Algeria-Prediction_Daily-Views.csv
Argentina vs Algeria Prediction,https://www.facebook.com/photo?fbid=1321717596738659&set=a.583845910525835,Prediction campaign,Carlcare Service DZ (DZ),2026-07-04,2026-07-04 18:27,31498,14,5,Meta Business Suite Object Insights Views chart,2026-07-16_DZ_Argentina-vs-Algeria-Prediction_Daily-Views.csv
Argentina vs Algeria Prediction,https://www.facebook.com/photo?fbid=1321717596738659&set=a.583845910525835,Prediction campaign,Carlcare Service DZ (DZ),2026-07-05,2026-07-05 18:27,31499,1,3,Meta Business Suite Object Insights Views chart,2026-07-16_DZ_Argentina-vs-Algeria-Prediction_Daily-Views.csv
Argentina vs Algeria Winners Announcement,https://www.facebook.com/photo?fbid=1324994416410977&set=a.583845910525835,Winner announcement,Carlcare Service DZ (DZ),2026-06-18,2026-06-18 23:59,353,353,4,Meta Business Suite Object Insights Views chart,2026-07-16_DZ_Argentina-vs-Algeria-Winners-Announcement_Daily-Views.csv
Argentina vs Algeria Winners Announcement,https://www.facebook.com/photo?fbid=1324994416410977&set=a.583845910525835,Winner announcement,Carlcare Service DZ (DZ),2026-06-19,2026-06-19 21:59,447,94,2,Meta Business Suite Object Insights Views chart,2026-07-16_DZ_Argentina-vs-Algeria-Winners-Announcement_Daily-Views.csv
Argentina vs Algeria Winners Announcement,https://www.facebook.com/photo?fbid=1324994416410977&set=a.583845910525835,Winner announcement,Carlcare Service DZ (DZ),2026-06-20,2026-06-20 18:59,463,16,7,Meta Business Suite Object Insights Views chart,2026-07-16_DZ_Argentina-vs-Algeria-Winners-Announcement_Daily-Views.csv
Argentina vs Algeria Winners Announcement,https://www.facebook.com/photo?fbid=1324994416410977&set=a.583845910525835,Winner announcement,Carlcare Service DZ (DZ),2026-06-21,2026-06-21 18:59,494,31,9,Meta Business Suite Object Insights Views chart,2026-07-16_DZ_Argentina-vs-Algeria-Winners-Announcement_Daily-Views.csv
Argentina vs Algeria Winners Announcement,https://www.facebook.com/photo?fbid=1324994416410977&set=a.583845910525835,Winner announcement,Carlcare Service DZ (DZ),2026-06-22,2026-06-22 18:59,540,46,6,Meta Business Suite Object Insights Views chart,2026-07-16_DZ_Argentina-vs-Algeria-Winners-Announcement_Daily-Views.csv
Argentina vs Algeria Winners Announcement,https://www.facebook.com/photo?fbid=1324994416410977&set=a.583845910525835,Winner announcement,Carlcare Service DZ (DZ),2026-06-23,2026-06-23 18:59,566,26,4,Meta Business Suite Object Insights Views chart,2026-07-16_DZ_Argentina-vs-Algeria-Winners-Announcement_Daily-Views.csv
Argentina vs Algeria Winners Announcement,https://www.facebook.com/photo?fbid=1324994416410977&set=a.583845910525835,Winner announcement,Carlcare Service DZ (DZ),2026-06-24,2026-06-24 18:59,577,11,13,Meta Business Suite Object Insights Views chart,2026-07-16_DZ_Argentina-vs-Algeria-Winners-Announcement_Daily-Views.csv
Argentina vs Algeria Winners Announcement,https://www.facebook.com/photo?fbid=1324994416410977&set=a.583845910525835,Winner announcement,Carlcare Service DZ (DZ),2026-06-25,2026-06-25 18:59,595,18,19,Meta Business Suite Object Insights Views chart,2026-07-16_DZ_Argentina-vs-Algeria-Winners-Announcement_Daily-Views.csv
Argentina vs Algeria Winners Announcement,https://www.facebook.com/photo?fbid=1324994416410977&set=a.583845910525835,Winner announcement,Carlcare Service DZ (DZ),2026-06-26,2026-06-26 18:59,598,3,19,Meta Business Suite Object Insights Views chart,2026-07-16_DZ_Argentina-vs-Algeria-Winners-Announcement_Daily-Views.csv
Argentina vs Algeria Winners Announcement,https://www.facebook.com/photo?fbid=1324994416410977&set=a.583845910525835,Winner announcement,Carlcare Service DZ (DZ),2026-06-27,2026-06-27 18:59,601,3,13,Meta Business Suite Object Insights Views chart,2026-07-16_DZ_Argentina-vs-Algeria-Winners-Announcement_Daily-Views.csv
Argentina vs Algeria Winners Announcement,https://www.facebook.com/photo?fbid=1324994416410977&set=a.583845910525835,Winner announcement,Carlcare Service DZ (DZ),2026-06-28,2026-06-28 18:59,602,1,4,Meta Business Suite Object Insights Views chart,2026-07-16_DZ_Argentina-vs-Algeria-Winners-Announcement_Daily-Views.csv
Argentina vs Algeria Winners Announcement,https://www.facebook.com/photo?fbid=1324994416410977&set=a.583845910525835,Winner announcement,Carlcare Service DZ (DZ),2026-06-29,2026-06-29 18:59,608,6,6,Meta Business Suite Object Insights Views chart,2026-07-16_DZ_Argentina-vs-Algeria-Winners-Announcement_Daily-Views.csv
Argentina vs Algeria Winners Announcement,https://www.facebook.com/photo?fbid=1324994416410977&set=a.583845910525835,Winner announcement,Carlcare Service DZ (DZ),2026-06-30,2026-06-30 18:59,611,3,396,Meta Business Suite Object Insights Views chart,2026-07-16_DZ_Argentina-vs-Algeria-Winners-Announcement_Daily-Views.csv
Argentina vs Algeria Winners Announcement,https://www.facebook.com/photo?fbid=1324994416410977&set=a.583845910525835,Winner announcement,Carlcare Service DZ (DZ),2026-07-01,2026-07-01 18:59,639,28,125,Meta Business Suite Object Insights Views chart,2026-07-16_DZ_Argentina-vs-Algeria-Winners-Announcement_Daily-Views.csv
Argentina vs Algeria Winners Announcement,https://www.facebook.com/photo?fbid=1324994416410977&set=a.583845910525835,Winner announcement,Carlcare Service DZ (DZ),2026-07-02,2026-07-02 18:59,656,17,59,Meta Business Suite Object Insights Views chart,2026-07-16_DZ_Argentina-vs-Algeria-Winners-Announcement_Daily-Views.csv
Argentina vs Algeria Winners Announcement,https://www.facebook.com/photo?fbid=1324994416410977&set=a.583845910525835,Winner announcement,Carlcare Service DZ (DZ),2026-07-03,2026-07-03 18:59,662,6,7,Meta Business Suite Object Insights Views chart,2026-07-16_DZ_Argentina-vs-Algeria-Winners-Announcement_Daily-Views.csv
Argentina vs Algeria Winners Announcement,https://www.facebook.com/photo?fbid=1324994416410977&set=a.583845910525835,Winner announcement,Carlcare Service DZ (DZ),2026-07-04,2026-07-04 18:59,667,5,5,Meta Business Suite Object Insights Views chart,2026-07-16_DZ_Argentina-vs-Algeria-Winners-Announcement_Daily-Views.csv
Argentina vs Algeria Winners Announcement,https://www.facebook.com/photo?fbid=1324994416410977&set=a.583845910525835,Winner announcement,Carlcare Service DZ (DZ),2026-07-05,2026-07-05 18:59,667,0,3,Meta Business Suite Object Insights Views chart,2026-07-16_DZ_Argentina-vs-Algeria-Winners-Announcement_Daily-Views.csv
Argentina vs Algeria Winners Announcement,https://www.facebook.com/photo?fbid=1324994416410977&set=a.583845910525835,Winner announcement,Carlcare Service DZ (DZ),2026-07-06,2026-07-06 18:59,671,4,15,Meta Business Suite Object Insights Views chart,2026-07-16_DZ_Argentina-vs-Algeria-Winners-Announcement_Daily-Views.csv
Argentina vs Algeria Winners Announcement,https://www.facebook.com/photo?fbid=1324994416410977&set=a.583845910525835,Winner announcement,Carlcare Service DZ (DZ),2026-07-07,2026-07-07 18:59,678,7,9,Meta Business Suite Object Insights Views chart,2026-07-16_DZ_Argentina-vs-Algeria-Winners-Announcement_Daily-Views.csv
Argentina vs Algeria Winners Announcement,https://www.facebook.com/photo?fbid=1324994416410977&set=a.583845910525835,Winner announcement,Carlcare Service DZ (DZ),2026-07-08,2026-07-08 18:59,683,5,10,Meta Business Suite Object Insights Views chart,2026-07-16_DZ_Argentina-vs-Algeria-Winners-Announcement_Daily-Views.csv
Argentina vs Algeria Winners Announcement,https://www.facebook.com/photo?fbid=1324994416410977&set=a.583845910525835,Winner announcement,Carlcare Service DZ (DZ),2026-07-09,2026-07-09 18:59,685,2,3,Meta Business Suite Object Insights Views chart,2026-07-16_DZ_Argentina-vs-Algeria-Winners-Announcement_Daily-Views.csv
Jordan vs Algeria Prediction,https://www.facebook.com/photo?fbid=1327382186172200&set=a.583845910525835,Prediction campaign,Carlcare Service DZ (DZ),2026-06-21,2026-06-21 23:40,2814,2814,9,Meta Business Suite Object Insights Views chart,2026-07-16_DZ_Jordan-vs-Algeria-Prediction_Daily-Views.csv
Jordan vs Algeria Prediction,https://www.facebook.com/photo?fbid=1327382186172200&set=a.583845910525835,Prediction campaign,Carlcare Service DZ (DZ),2026-06-22,2026-06-22 21:10,3755,941,6,Meta Business Suite Object Insights Views chart,2026-07-16_DZ_Jordan-vs-Algeria-Prediction_Daily-Views.csv
Jordan vs Algeria Prediction,https://www.facebook.com/photo?fbid=1327382186172200&set=a.583845910525835,Prediction campaign,Carlcare Service DZ (DZ),2026-06-23,2026-06-23 18:10,4447,692,4,Meta Business Suite Object Insights Views chart,2026-07-16_DZ_Jordan-vs-Algeria-Prediction_Daily-Views.csv
Jordan vs Algeria Prediction,https://www.facebook.com/photo?fbid=1327382186172200&set=a.583845910525835,Prediction campaign,Carlcare Service DZ (DZ),2026-06-24,2026-06-24 18:10,4728,281,13,Meta Business Suite Object Insights Views chart,2026-07-16_DZ_Jordan-vs-Algeria-Prediction_Daily-Views.csv
Jordan vs Algeria Prediction,https://www.facebook.com/photo?fbid=1327382186172200&set=a.583845910525835,Prediction campaign,Carlcare Service DZ (DZ),2026-06-25,2026-06-25 18:10,4819,91,19,Meta Business Suite Object Insights Views chart,2026-07-16_DZ_Jordan-vs-Algeria-Prediction_Daily-Views.csv
Jordan vs Algeria Prediction,https://www.facebook.com/photo?fbid=1327382186172200&set=a.583845910525835,Prediction campaign,Carlcare Service DZ (DZ),2026-06-26,2026-06-26 18:10,4863,44,19,Meta Business Suite Object Insights Views chart,2026-07-16_DZ_Jordan-vs-Algeria-Prediction_Daily-Views.csv
Jordan vs Algeria Prediction,https://www.facebook.com/photo?fbid=1327382186172200&set=a.583845910525835,Prediction campaign,Carlcare Service DZ (DZ),2026-06-27,2026-06-27 18:10,4913,50,13,Meta Business Suite Object Insights Views chart,2026-07-16_DZ_Jordan-vs-Algeria-Prediction_Daily-Views.csv
Jordan vs Algeria Prediction,https://www.facebook.com/photo?fbid=1327382186172200&set=a.583845910525835,Prediction campaign,Carlcare Service DZ (DZ),2026-06-28,2026-06-28 18:10,4929,16,4,Meta Business Suite Object Insights Views chart,2026-07-16_DZ_Jordan-vs-Algeria-Prediction_Daily-Views.csv
Jordan vs Algeria Prediction,https://www.facebook.com/photo?fbid=1327382186172200&set=a.583845910525835,Prediction campaign,Carlcare Service DZ (DZ),2026-06-29,2026-06-29 18:10,4937,8,6,Meta Business Suite Object Insights Views chart,2026-07-16_DZ_Jordan-vs-Algeria-Prediction_Daily-Views.csv
Jordan vs Algeria Prediction,https://www.facebook.com/photo?fbid=1327382186172200&set=a.583845910525835,Prediction campaign,Carlcare Service DZ (DZ),2026-06-30,2026-06-30 18:10,4943,6,396,Meta Business Suite Object Insights Views chart,2026-07-16_DZ_Jordan-vs-Algeria-Prediction_Daily-Views.csv
Jordan vs Algeria Prediction,https://www.facebook.com/photo?fbid=1327382186172200&set=a.583845910525835,Prediction campaign,Carlcare Service DZ (DZ),2026-07-01,2026-07-01 18:10,4990,47,125,Meta Business Suite Object Insights Views chart,2026-07-16_DZ_Jordan-vs-Algeria-Prediction_Daily-Views.csv
Jordan vs Algeria Prediction,https://www.facebook.com/photo?fbid=1327382186172200&set=a.583845910525835,Prediction campaign,Carlcare Service DZ (DZ),2026-07-02,2026-07-02 18:10,5010,20,59,Meta Business Suite Object Insights Views chart,2026-07-16_DZ_Jordan-vs-Algeria-Prediction_Daily-Views.csv
Jordan vs Algeria Prediction,https://www.facebook.com/photo?fbid=1327382186172200&set=a.583845910525835,Prediction campaign,Carlcare Service DZ (DZ),2026-07-03,2026-07-03 18:10,5025,15,7,Meta Business Suite Object Insights Views chart,2026-07-16_DZ_Jordan-vs-Algeria-Prediction_Daily-Views.csv
Jordan vs Algeria Prediction,https://www.facebook.com/photo?fbid=1327382186172200&set=a.583845910525835,Prediction campaign,Carlcare Service DZ (DZ),2026-07-04,2026-07-04 18:10,5043,18,5,Meta Business Suite Object Insights Views chart,2026-07-16_DZ_Jordan-vs-Algeria-Prediction_Daily-Views.csv
Jordan vs Algeria Prediction,https://www.facebook.com/photo?fbid=1327382186172200&set=a.583845910525835,Prediction campaign,Carlcare Service DZ (DZ),2026-07-05,2026-07-05 18:10,5045,2,3,Meta Business Suite Object Insights Views chart,2026-07-16_DZ_Jordan-vs-Algeria-Prediction_Daily-Views.csv
Jordan vs Algeria Prediction,https://www.facebook.com/photo?fbid=1327382186172200&set=a.583845910525835,Prediction campaign,Carlcare Service DZ (DZ),2026-07-06,2026-07-06 18:10,5050,5,15,Meta Business Suite Object Insights Views chart,2026-07-16_DZ_Jordan-vs-Algeria-Prediction_Daily-Views.csv
Jordan vs Algeria Prediction,https://www.facebook.com/photo?fbid=1327382186172200&set=a.583845910525835,Prediction campaign,Carlcare Service DZ (DZ),2026-07-07,2026-07-07 18:10,5061,11,9,Meta Business Suite Object Insights Views chart,2026-07-16_DZ_Jordan-vs-Algeria-Prediction_Daily-Views.csv
Jordan vs Algeria Prediction,https://www.facebook.com/photo?fbid=1327382186172200&set=a.583845910525835,Prediction campaign,Carlcare Service DZ (DZ),2026-07-08,2026-07-08 18:10,5069,8,10,Meta Business Suite Object Insights Views chart,2026-07-16_DZ_Jordan-vs-Algeria-Prediction_Daily-Views.csv
Jordan vs Algeria Prediction,https://www.facebook.com/photo?fbid=1327382186172200&set=a.583845910525835,Prediction campaign,Carlcare Service DZ (DZ),2026-07-09,2026-07-09 18:10,5071,2,3,Meta Business Suite Object Insights Views chart,2026-07-16_DZ_Jordan-vs-Algeria-Prediction_Daily-Views.csv
Jordan vs Algeria Prediction,https://www.facebook.com/photo?fbid=1327382186172200&set=a.583845910525835,Prediction campaign,Carlcare Service DZ (DZ),2026-07-10,2026-07-10 18:10,5072,1,3,Meta Business Suite Object Insights Views chart,2026-07-16_DZ_Jordan-vs-Algeria-Prediction_Daily-Views.csv
Jordan vs Algeria Prediction,https://www.facebook.com/photo?fbid=1327382186172200&set=a.583845910525835,Prediction campaign,Carlcare Service DZ (DZ),2026-07-11,2026-07-11 18:10,5074,2,4,Meta Business Suite Object Insights Views chart,2026-07-16_DZ_Jordan-vs-Algeria-Prediction_Daily-Views.csv
Jordan vs Algeria Prediction,https://www.facebook.com/photo?fbid=1327382186172200&set=a.583845910525835,Prediction campaign,Carlcare Service DZ (DZ),2026-07-12,2026-07-12 18:10,5075,1,0,Meta Business Suite Object Insights Views chart,2026-07-16_DZ_Jordan-vs-Algeria-Prediction_Daily-Views.csv
World Cup Phone Check Campaign Announcement,https://www.facebook.com/photo?fbid=1316076247302794&set=a.583845910525835,Campaign announcement,Carlcare Service DZ (DZ),2026-06-07,2026-06-07 23:47,28,28,0,Meta Business Suite Object Insights Views chart,2026-07-16_DZ_World-Cup-Phone-Check-Campaign-Announcement_Daily-Views.csv
World Cup Phone Check Campaign Announcement,https://www.facebook.com/photo?fbid=1316076247302794&set=a.583845910525835,Campaign announcement,Carlcare Service DZ (DZ),2026-06-08,2026-06-08 23:02,101,73,1,Meta Business Suite Object Insights Views chart,2026-07-16_DZ_World-Cup-Phone-Check-Campaign-Announcement_Daily-Views.csv
World Cup Phone Check Campaign Announcement,https://www.facebook.com/photo?fbid=1316076247302794&set=a.583845910525835,Campaign announcement,Carlcare Service DZ (DZ),2026-06-09,2026-06-09 23:02,138,37,1,Meta Business Suite Object Insights Views chart,2026-07-16_DZ_World-Cup-Phone-Check-Campaign-Announcement_Daily-Views.csv
World Cup Phone Check Campaign Announcement,https://www.facebook.com/photo?fbid=1316076247302794&set=a.583845910525835,Campaign announcement,Carlcare Service DZ (DZ),2026-06-10,2026-06-10 23:02,166,28,1,Meta Business Suite Object Insights Views chart,2026-07-16_DZ_World-Cup-Phone-Check-Campaign-Announcement_Daily-Views.csv
World Cup Phone Check Campaign Announcement,https://www.facebook.com/photo?fbid=1316076247302794&set=a.583845910525835,Campaign announcement,Carlcare Service DZ (DZ),2026-06-11,2026-06-11 23:02,186,20,1,Meta Business Suite Object Insights Views chart,2026-07-16_DZ_World-Cup-Phone-Check-Campaign-Announcement_Daily-Views.csv
World Cup Phone Check Campaign Announcement,https://www.facebook.com/photo?fbid=1316076247302794&set=a.583845910525835,Campaign announcement,Carlcare Service DZ (DZ),2026-06-12,2026-06-12 23:02,194,8,2,Meta Business Suite Object Insights Views chart,2026-07-16_DZ_World-Cup-Phone-Check-Campaign-Announcement_Daily-Views.csv
World Cup Phone Check Campaign Announcement,https://www.facebook.com/photo?fbid=1316076247302794&set=a.583845910525835,Campaign announcement,Carlcare Service DZ (DZ),2026-06-13,2026-06-13 23:02,220,26,3,Meta Business Suite Object Insights Views chart,2026-07-16_DZ_World-Cup-Phone-Check-Campaign-Announcement_Daily-Views.csv
World Cup Phone Check Campaign Announcement,https://www.facebook.com/photo?fbid=1316076247302794&set=a.583845910525835,Campaign announcement,Carlcare Service DZ (DZ),2026-06-14,2026-06-14 23:02,247,27,173,Meta Business Suite Object Insights Views chart,2026-07-16_DZ_World-Cup-Phone-Check-Campaign-Announcement_Daily-Views.csv
World Cup Phone Check Campaign Announcement,https://www.facebook.com/photo?fbid=1316076247302794&set=a.583845910525835,Campaign announcement,Carlcare Service DZ (DZ),2026-06-15,2026-06-15 23:02,316,69,73,Meta Business Suite Object Insights Views chart,2026-07-16_DZ_World-Cup-Phone-Check-Campaign-Announcement_Daily-Views.csv
World Cup Phone Check Campaign Announcement,https://www.facebook.com/photo?fbid=1316076247302794&set=a.583845910525835,Campaign announcement,Carlcare Service DZ (DZ),2026-06-16,2026-06-16 23:02,325,9,62,Meta Business Suite Object Insights Views chart,2026-07-16_DZ_World-Cup-Phone-Check-Campaign-Announcement_Daily-Views.csv
World Cup Phone Check Campaign Announcement,https://www.facebook.com/photo?fbid=1316076247302794&set=a.583845910525835,Campaign announcement,Carlcare Service DZ (DZ),2026-06-17,2026-06-17 23:02,331,6,1,Meta Business Suite Object Insights Views chart,2026-07-16_DZ_World-Cup-Phone-Check-Campaign-Announcement_Daily-Views.csv
World Cup Phone Check Campaign Announcement,https://www.facebook.com/photo?fbid=1316076247302794&set=a.583845910525835,Campaign announcement,Carlcare Service DZ (DZ),2026-06-18,2026-06-18 23:02,337,6,4,Meta Business Suite Object Insights Views chart,2026-07-16_DZ_World-Cup-Phone-Check-Campaign-Announcement_Daily-Views.csv
World Cup Phone Check Campaign Announcement,https://www.facebook.com/photo?fbid=1316076247302794&set=a.583845910525835,Campaign announcement,Carlcare Service DZ (DZ),2026-06-19,2026-06-19 23:02,341,4,2,Meta Business Suite Object Insights Views chart,2026-07-16_DZ_World-Cup-Phone-Check-Campaign-Announcement_Daily-Views.csv
World Cup Phone Check Campaign Announcement,https://www.facebook.com/photo?fbid=1316076247302794&set=a.583845910525835,Campaign announcement,Carlcare Service DZ (DZ),2026-06-20,2026-06-20 23:02,346,5,7,Meta Business Suite Object Insights Views chart,2026-07-16_DZ_World-Cup-Phone-Check-Campaign-Announcement_Daily-Views.csv
World Cup Phone Check Campaign Announcement,https://www.facebook.com/photo?fbid=1316076247302794&set=a.583845910525835,Campaign announcement,Carlcare Service DZ (DZ),2026-06-21,2026-06-21 23:02,350,4,9,Meta Business Suite Object Insights Views chart,2026-07-16_DZ_World-Cup-Phone-Check-Campaign-Announcement_Daily-Views.csv
World Cup Phone Check Campaign Announcement,https://www.facebook.com/photo?fbid=1316076247302794&set=a.583845910525835,Campaign announcement,Carlcare Service DZ (DZ),2026-06-22,2026-06-22 23:02,366,16,6,Meta Business Suite Object Insights Views chart,2026-07-16_DZ_World-Cup-Phone-Check-Campaign-Announcement_Daily-Views.csv
World Cup Phone Check Campaign Announcement,https://www.facebook.com/photo?fbid=1316076247302794&set=a.583845910525835,Campaign announcement,Carlcare Service DZ (DZ),2026-06-23,2026-06-23 23:02,372,6,4,Meta Business Suite Object Insights Views chart,2026-07-16_DZ_World-Cup-Phone-Check-Campaign-Announcement_Daily-Views.csv
World Cup Phone Check Campaign Announcement,https://www.facebook.com/photo?fbid=1316076247302794&set=a.583845910525835,Campaign announcement,Carlcare Service DZ (DZ),2026-06-24,2026-06-24 23:02,372,0,13,Meta Business Suite Object Insights Views chart,2026-07-16_DZ_World-Cup-Phone-Check-Campaign-Announcement_Daily-Views.csv
World Cup Phone Check Campaign Announcement,https://www.facebook.com/photo?fbid=1316076247302794&set=a.583845910525835,Campaign announcement,Carlcare Service DZ (DZ),2026-06-25,2026-06-25 23:02,375,3,19,Meta Business Suite Object Insights Views chart,2026-07-16_DZ_World-Cup-Phone-Check-Campaign-Announcement_Daily-Views.csv
World Cup Phone Check Campaign Announcement,https://www.facebook.com/photo?fbid=1316076247302794&set=a.583845910525835,Campaign announcement,Carlcare Service DZ (DZ),2026-06-26,2026-06-26 23:02,375,0,19,Meta Business Suite Object Insights Views chart,2026-07-16_DZ_World-Cup-Phone-Check-Campaign-Announcement_Daily-Views.csv
World Cup Phone Check Campaign Announcement,https://www.facebook.com/photo?fbid=1316076247302794&set=a.583845910525835,Campaign announcement,Carlcare Service DZ (DZ),2026-06-27,2026-06-27 23:02,377,2,13,Meta Business Suite Object Insights Views chart,2026-07-16_DZ_World-Cup-Phone-Check-Campaign-Announcement_Daily-Views.csv
World Cup Phone Check Campaign Announcement,https://www.facebook.com/photo?fbid=1316076247302794&set=a.583845910525835,Campaign announcement,Carlcare Service DZ (DZ),2026-06-28,2026-06-28 23:02,378,1,4,Meta Business Suite Object Insights Views chart,2026-07-16_DZ_World-Cup-Phone-Check-Campaign-Announcement_Daily-Views.csv
