post_label,post_url,post_category,page,date,observation_time_cst,cumulative_views,daily_views,account_new_follows,source,source_file
World Cup Challenge Campaign Announcement,https://www.facebook.com/photo/?fbid=1311376824507964&set=a.566493105663010,Campaign announcement,Carlcare Service NG (NG),2026-06-10,2026-06-10 23:57,12721,12721,124,Meta Business Suite Object Insights Views chart,2026-07-09_NG_World-Cup-Challenge-Campaign-Announcement_Daily-Views.csv
World Cup Challenge Campaign Announcement,https://www.facebook.com/photo/?fbid=1311376824507964&set=a.566493105663010,Campaign announcement,Carlcare Service NG (NG),2026-06-11,2026-06-11 21:27,29693,16972,36,Meta Business Suite Object Insights Views chart,2026-07-09_NG_World-Cup-Challenge-Campaign-Announcement_Daily-Views.csv
World Cup Challenge Campaign Announcement,https://www.facebook.com/photo/?fbid=1311376824507964&set=a.566493105663010,Campaign announcement,Carlcare Service NG (NG),2026-06-12,2026-06-12 18:27,32365,2672,63,Meta Business Suite Object Insights Views chart,2026-07-09_NG_World-Cup-Challenge-Campaign-Announcement_Daily-Views.csv
World Cup Champion Jersey Prediction,https://www.facebook.com/photo?fbid=1313160000996313&set=pcb.1313171187661861,Prediction campaign,Carlcare Service NG (NG),2026-06-12,2026-06-12 23:37,1184,1184,63,Meta Business Suite Object Insights Views chart,2026-07-09_NG_World-Cup-Champion-Jersey-Prediction_Daily-Views.csv
World Cup Challenge Campaign Announcement,https://www.facebook.com/photo/?fbid=1311376824507964&set=a.566493105663010,Campaign announcement,Carlcare Service NG (NG),2026-06-13,2026-06-13 18:27,33244,879,9,Meta Business Suite Object Insights Views chart,2026-07-09_NG_World-Cup-Challenge-Campaign-Announcement_Daily-Views.csv
World Cup Champion Jersey Prediction,https://www.facebook.com/photo?fbid=1313160000996313&set=pcb.1313171187661861,Prediction campaign,Carlcare Service NG (NG),2026-06-13,2026-06-13 23:37,6202,5018,9,Meta Business Suite Object Insights Views chart,2026-07-09_NG_World-Cup-Champion-Jersey-Prediction_Daily-Views.csv
World Cup Challenge Campaign Announcement,https://www.facebook.com/photo/?fbid=1311376824507964&set=a.566493105663010,Campaign announcement,Carlcare Service NG (NG),2026-06-14,2026-06-14 18:27,33603,359,9,Meta Business Suite Object Insights Views chart,2026-07-09_NG_World-Cup-Challenge-Campaign-Announcement_Daily-Views.csv
World Cup Champion Jersey Prediction,https://www.facebook.com/photo?fbid=1313160000996313&set=pcb.1313171187661861,Prediction campaign,Carlcare Service NG (NG),2026-06-14,2026-06-14 20:37,6579,377,9,Meta Business Suite Object Insights Views chart,2026-07-09_NG_World-Cup-Champion-Jersey-Prediction_Daily-Views.csv
Belgium vs Egypt Prediction,https://www.facebook.com/photo/?fbid=1315633207415659&set=a.566493105663010,Prediction campaign,Carlcare Service NG (NG),2026-06-15,2026-06-15 23:41,16030,16030,251,Meta Business Suite Object Insights Views chart,2026-07-09_NG_Belgium-vs-Egypt-Prediction_Daily-Views.csv
World Cup Challenge Campaign Announcement,https://www.facebook.com/photo/?fbid=1311376824507964&set=a.566493105663010,Campaign announcement,Carlcare Service NG (NG),2026-06-15,2026-06-15 18:27,33847,244,251,Meta Business Suite Object Insights Views chart,2026-07-09_NG_World-Cup-Challenge-Campaign-Announcement_Daily-Views.csv
World Cup Champion Jersey Prediction,https://www.facebook.com/photo?fbid=1313160000996313&set=pcb.1313171187661861,Prediction campaign,Carlcare Service NG (NG),2026-06-15,2026-06-15 20:37,6831,252,251,Meta Business Suite Object Insights Views chart,2026-07-09_NG_World-Cup-Champion-Jersey-Prediction_Daily-Views.csv
Belgium vs Egypt Prediction,https://www.facebook.com/photo/?fbid=1315633207415659&set=a.566493105663010,Prediction campaign,Carlcare Service NG (NG),2026-06-16,2026-06-16 22:41,49547,33517,126,Meta Business Suite Object Insights Views chart,2026-07-09_NG_Belgium-vs-Egypt-Prediction_Daily-Views.csv
World Cup Challenge Campaign Announcement,https://www.facebook.com/photo/?fbid=1311376824507964&set=a.566493105663010,Campaign announcement,Carlcare Service NG (NG),2026-06-16,2026-06-16 18:27,34081,234,126,Meta Business Suite Object Insights Views chart,2026-07-09_NG_World-Cup-Challenge-Campaign-Announcement_Daily-Views.csv
World Cup Champion Jersey Prediction,https://www.facebook.com/photo?fbid=1313160000996313&set=pcb.1313171187661861,Prediction campaign,Carlcare Service NG (NG),2026-06-16,2026-06-16 20:37,7484,653,126,Meta Business Suite Object Insights Views chart,2026-07-09_NG_World-Cup-Champion-Jersey-Prediction_Daily-Views.csv
Belgium vs Egypt Prediction,https://www.facebook.com/photo/?fbid=1315633207415659&set=a.566493105663010,Prediction campaign,Carlcare Service NG (NG),2026-06-17,2026-06-17 19:41,50962,1415,178,Meta Business Suite Object Insights Views chart,2026-07-09_NG_Belgium-vs-Egypt-Prediction_Daily-Views.csv
England vs Croatia Prediction,https://www.facebook.com/photo/?fbid=1316694380642875&set=a.566493105663010,Prediction campaign,Carlcare Service NG (NG),2026-06-17,2026-06-17 23:50,34953,34953,178,Meta Business Suite Object Insights Views chart,2026-07-09_NG_England-vs-Croatia-Prediction_Daily-Views.csv
World Cup Challenge Campaign Announcement,https://www.facebook.com/photo/?fbid=1311376824507964&set=a.566493105663010,Campaign announcement,Carlcare Service NG (NG),2026-06-17,2026-06-17 18:27,34229,148,178,Meta Business Suite Object Insights Views chart,2026-07-09_NG_World-Cup-Challenge-Campaign-Announcement_Daily-Views.csv
World Cup Champion Jersey Prediction,https://www.facebook.com/photo?fbid=1313160000996313&set=pcb.1313171187661861,Prediction campaign,Carlcare Service NG (NG),2026-06-17,2026-06-17 20:37,7849,365,178,Meta Business Suite Object Insights Views chart,2026-07-09_NG_World-Cup-Champion-Jersey-Prediction_Daily-Views.csv
Belgium vs Egypt Prediction,https://www.facebook.com/photo/?fbid=1315633207415659&set=a.566493105663010,Prediction campaign,Carlcare Service NG (NG),2026-06-18,2026-06-18 19:41,51712,750,20,Meta Business Suite Object Insights Views chart,2026-07-09_NG_Belgium-vs-Egypt-Prediction_Daily-Views.csv
England vs Croatia Prediction,https://www.facebook.com/photo/?fbid=1316694380642875&set=a.566493105663010,Prediction campaign,Carlcare Service NG (NG),2026-06-18,2026-06-18 21:50,46251,11298,20,Meta Business Suite Object Insights Views chart,2026-07-09_NG_England-vs-Croatia-Prediction_Daily-Views.csv
World Cup Challenge Campaign Announcement,https://www.facebook.com/photo/?fbid=1311376824507964&set=a.566493105663010,Campaign announcement,Carlcare Service NG (NG),2026-06-18,2026-06-18 18:27,34303,74,20,Meta Business Suite Object Insights Views chart,2026-07-09_NG_World-Cup-Challenge-Campaign-Announcement_Daily-Views.csv
World Cup Champion Jersey Prediction,https://www.facebook.com/photo?fbid=1313160000996313&set=pcb.1313171187661861,Prediction campaign,Carlcare Service NG (NG),2026-06-18,2026-06-18 20:37,8096,247,20,Meta Business Suite Object Insights Views chart,2026-07-09_NG_World-Cup-Champion-Jersey-Prediction_Daily-Views.csv
Belgium vs Egypt Prediction,https://www.facebook.com/photo/?fbid=1315633207415659&set=a.566493105663010,Prediction campaign,Carlcare Service NG (NG),2026-06-19,2026-06-19 19:41,52097,385,41,Meta Business Suite Object Insights Views chart,2026-07-09_NG_Belgium-vs-Egypt-Prediction_Daily-Views.csv
England vs Croatia Prediction,https://www.facebook.com/photo/?fbid=1316694380642875&set=a.566493105663010,Prediction campaign,Carlcare Service NG (NG),2026-06-19,2026-06-19 18:50,47702,1451,41,Meta Business Suite Object Insights Views chart,2026-07-09_NG_England-vs-Croatia-Prediction_Daily-Views.csv
World Cup Challenge Campaign Announcement,https://www.facebook.com/photo/?fbid=1311376824507964&set=a.566493105663010,Campaign announcement,Carlcare Service NG (NG),2026-06-19,2026-06-19 18:27,34336,33,41,Meta Business Suite Object Insights Views chart,2026-07-09_NG_World-Cup-Challenge-Campaign-Announcement_Daily-Views.csv
World Cup Champion Jersey Prediction,https://www.facebook.com/photo?fbid=1313160000996313&set=pcb.1313171187661861,Prediction campaign,Carlcare Service NG (NG),2026-06-19,2026-06-19 20:37,8238,142,41,Meta Business Suite Object Insights Views chart,2026-07-09_NG_World-Cup-Champion-Jersey-Prediction_Daily-Views.csv
Belgium vs Egypt Prediction,https://www.facebook.com/photo/?fbid=1315633207415659&set=a.566493105663010,Prediction campaign,Carlcare Service NG (NG),2026-06-20,2026-06-20 19:41,52252,155,543,Meta Business Suite Object Insights Views chart,2026-07-09_NG_Belgium-vs-Egypt-Prediction_Daily-Views.csv
England vs Croatia Prediction,https://www.facebook.com/photo/?fbid=1316694380642875&set=a.566493105663010,Prediction campaign,Carlcare Service NG (NG),2026-06-20,2026-06-20 18:50,48145,443,543,Meta Business Suite Object Insights Views chart,2026-07-09_NG_England-vs-Croatia-Prediction_Daily-Views.csv
Germany vs Ivory Coast Prediction,https://www.facebook.com/photo/?fbid=1319724130339900&set=a.566493105663010,Prediction campaign,Carlcare Service NG (NG),2026-06-20,2026-06-20 23:43,70924,70924,543,Meta Business Suite Object Insights Views chart,2026-07-09_NG_Germany-vs-Ivory-Coast-Prediction_Daily-Views.csv
World Cup Challenge Campaign Announcement,https://www.facebook.com/photo/?fbid=1311376824507964&set=a.566493105663010,Campaign announcement,Carlcare Service NG (NG),2026-06-20,2026-06-20 18:27,34369,33,543,Meta Business Suite Object Insights Views chart,2026-07-09_NG_World-Cup-Challenge-Campaign-Announcement_Daily-Views.csv
World Cup Champion Jersey Prediction,https://www.facebook.com/photo?fbid=1313160000996313&set=pcb.1313171187661861,Prediction campaign,Carlcare Service NG (NG),2026-06-20,2026-06-20 20:37,8389,151,543,Meta Business Suite Object Insights Views chart,2026-07-09_NG_World-Cup-Champion-Jersey-Prediction_Daily-Views.csv
Belgium vs Egypt Prediction,https://www.facebook.com/photo/?fbid=1315633207415659&set=a.566493105663010,Prediction campaign,Carlcare Service NG (NG),2026-06-21,2026-06-21 19:41,52401,149,23,Meta Business Suite Object Insights Views chart,2026-07-09_NG_Belgium-vs-Egypt-Prediction_Daily-Views.csv
England vs Croatia Prediction,https://www.facebook.com/photo/?fbid=1316694380642875&set=a.566493105663010,Prediction campaign,Carlcare Service NG (NG),2026-06-21,2026-06-21 12:50,48438,293,23,Meta Business Suite Object Insights Views chart,2026-07-09_NG_England-vs-Croatia-Prediction_Daily-Views.csv
Germany vs Ivory Coast Prediction,https://www.facebook.com/photo/?fbid=1319724130339900&set=a.566493105663010,Prediction campaign,Carlcare Service NG (NG),2026-06-21,2026-06-21 23:13,125946,55022,23,Meta Business Suite Object Insights Views chart,2026-07-09_NG_Germany-vs-Ivory-Coast-Prediction_Daily-Views.csv
World Cup Challenge Campaign Announcement,https://www.facebook.com/photo/?fbid=1311376824507964&set=a.566493105663010,Campaign announcement,Carlcare Service NG (NG),2026-06-21,2026-06-21 18:27,34447,78,23,Meta Business Suite Object Insights Views chart,2026-07-09_NG_World-Cup-Challenge-Campaign-Announcement_Daily-Views.csv
World Cup Champion Jersey Prediction,https://www.facebook.com/photo?fbid=1313160000996313&set=pcb.1313171187661861,Prediction campaign,Carlcare Service NG (NG),2026-06-21,2026-06-21 20:37,8589,200,23,Meta Business Suite Object Insights Views chart,2026-07-09_NG_World-Cup-Champion-Jersey-Prediction_Daily-Views.csv
Belgium vs Egypt Prediction,https://www.facebook.com/photo/?fbid=1315633207415659&set=a.566493105663010,Prediction campaign,Carlcare Service NG (NG),2026-06-22,2026-06-22 19:41,52482,81,24,Meta Business Suite Object Insights Views chart,2026-07-09_NG_Belgium-vs-Egypt-Prediction_Daily-Views.csv
England vs Croatia Prediction,https://www.facebook.com/photo/?fbid=1316694380642875&set=a.566493105663010,Prediction campaign,Carlcare Service NG (NG),2026-06-22,2026-06-22 12:50,48629,191,24,Meta Business Suite Object Insights Views chart,2026-07-09_NG_England-vs-Croatia-Prediction_Daily-Views.csv
Germany vs Ivory Coast Prediction,https://www.facebook.com/photo/?fbid=1319724130339900&set=a.566493105663010,Prediction campaign,Carlcare Service NG (NG),2026-06-22,2026-06-22 23:13,128764,2818,24,Meta Business Suite Object Insights Views chart,2026-07-09_NG_Germany-vs-Ivory-Coast-Prediction_Daily-Views.csv
Predict & Win Winners Announcement - Jun 22,https://www.facebook.com/photo?fbid=1321568210155492&set=a.566493105663010,Winner announcement,Carlcare Service NG (NG),2026-06-22,2026-06-22 23:50,1655,1655,24,Meta Business Suite Object Insights Views chart,2026-07-09_NG_Predict-Win-Winners-Announcement-Jun-22_Daily-Views.csv
World Cup Challenge Campaign Announcement,https://www.facebook.com/photo/?fbid=1311376824507964&set=a.566493105663010,Campaign announcement,Carlcare Service NG (NG),2026-06-22,2026-06-22 18:27,34465,18,24,Meta Business Suite Object Insights Views chart,2026-07-09_NG_World-Cup-Challenge-Campaign-Announcement_Daily-Views.csv
World Cup Champion Jersey Prediction,https://www.facebook.com/photo?fbid=1313160000996313&set=pcb.1313171187661861,Prediction campaign,Carlcare Service NG (NG),2026-06-22,2026-06-22 20:37,8673,84,24,Meta Business Suite Object Insights Views chart,2026-07-09_NG_World-Cup-Champion-Jersey-Prediction_Daily-Views.csv
Belgium vs Egypt Prediction,https://www.facebook.com/photo/?fbid=1315633207415659&set=a.566493105663010,Prediction campaign,Carlcare Service NG (NG),2026-06-23,2026-06-23 19:41,52544,62,211,Meta Business Suite Object Insights Views chart,2026-07-09_NG_Belgium-vs-Egypt-Prediction_Daily-Views.csv
England vs Croatia Prediction,https://www.facebook.com/photo/?fbid=1316694380642875&set=a.566493105663010,Prediction campaign,Carlcare Service NG (NG),2026-06-23,2026-06-23 12:50,48765,136,211,Meta Business Suite Object Insights Views chart,2026-07-09_NG_England-vs-Croatia-Prediction_Daily-Views.csv
England vs Ghana Prediction,https://www.facebook.com/photo?fbid=1322289080083405&set=a.566493105663010,Prediction campaign,Carlcare Service NG (NG),2026-06-23,2026-06-23 23:56,17061,17061,211,Meta Business Suite Object Insights Views chart,2026-07-09_NG_England-vs-Ghana-Prediction_Daily-Views.csv
Germany vs Ivory Coast Prediction,https://www.facebook.com/photo/?fbid=1319724130339900&set=a.566493105663010,Prediction campaign,Carlcare Service NG (NG),2026-06-23,2026-06-23 23:13,129876,1112,211,Meta Business Suite Object Insights Views chart,2026-07-09_NG_Germany-vs-Ivory-Coast-Prediction_Daily-Views.csv
Predict & Win Winners Announcement - Jun 22,https://www.facebook.com/photo?fbid=1321568210155492&set=a.566493105663010,Winner announcement,Carlcare Service NG (NG),2026-06-23,2026-06-23 21:20,2721,1066,211,Meta Business Suite Object Insights Views chart,2026-07-09_NG_Predict-Win-Winners-Announcement-Jun-22_Daily-Views.csv
World Cup Challenge Campaign Announcement,https://www.facebook.com/photo/?fbid=1311376824507964&set=a.566493105663010,Campaign announcement,Carlcare Service NG (NG),2026-06-23,2026-06-23 18:27,34477,12,211,Meta Business Suite Object Insights Views chart,2026-07-09_NG_World-Cup-Challenge-Campaign-Announcement_Daily-Views.csv
World Cup Champion Jersey Prediction,https://www.facebook.com/photo?fbid=1313160000996313&set=pcb.1313171187661861,Prediction campaign,Carlcare Service NG (NG),2026-06-23,2026-06-23 20:37,8858,185,211,Meta Business Suite Object Insights Views chart,2026-07-09_NG_World-Cup-Champion-Jersey-Prediction_Daily-Views.csv
Belgium vs Egypt Prediction,https://www.facebook.com/photo/?fbid=1315633207415659&set=a.566493105663010,Prediction campaign,Carlcare Service NG (NG),2026-06-24,2026-06-24 19:41,52576,32,25,Meta Business Suite Object Insights Views chart,2026-07-09_NG_Belgium-vs-Egypt-Prediction_Daily-Views.csv
England vs Croatia Prediction,https://www.facebook.com/photo/?fbid=1316694380642875&set=a.566493105663010,Prediction campaign,Carlcare Service NG (NG),2026-06-24,2026-06-24 00:50,48827,62,25,Meta Business Suite Object Insights Views chart,2026-07-09_NG_England-vs-Croatia-Prediction_Daily-Views.csv
England vs Ghana Prediction,https://www.facebook.com/photo?fbid=1322289080083405&set=a.566493105663010,Prediction campaign,Carlcare Service NG (NG),2026-06-24,2026-06-24 23:56,28810,11749,25,Meta Business Suite Object Insights Views chart,2026-07-09_NG_England-vs-Ghana-Prediction_Daily-Views.csv
Germany vs Ivory Coast Prediction,https://www.facebook.com/photo/?fbid=1319724130339900&set=a.566493105663010,Prediction campaign,Carlcare Service NG (NG),2026-06-24,2026-06-24 17:13,130347,471,25,Meta Business Suite Object Insights Views chart,2026-07-09_NG_Germany-vs-Ivory-Coast-Prediction_Daily-Views.csv
Predict & Win Winners Announcement - Jun 22,https://www.facebook.com/photo?fbid=1321568210155492&set=a.566493105663010,Winner announcement,Carlcare Service NG (NG),2026-06-24,2026-06-24 21:20,3070,349,25,Meta Business Suite Object Insights Views chart,2026-07-09_NG_Predict-Win-Winners-Announcement-Jun-22_Daily-Views.csv
World Cup Challenge Campaign Announcement,https://www.facebook.com/photo/?fbid=1311376824507964&set=a.566493105663010,Campaign announcement,Carlcare Service NG (NG),2026-06-24,2026-06-24 18:27,34489,12,25,Meta Business Suite Object Insights Views chart,2026-07-09_NG_World-Cup-Challenge-Campaign-Announcement_Daily-Views.csv
World Cup Champion Jersey Prediction,https://www.facebook.com/photo?fbid=1313160000996313&set=pcb.1313171187661861,Prediction campaign,Carlcare Service NG (NG),2026-06-24,2026-06-24 20:37,9016,158,25,Meta Business Suite Object Insights Views chart,2026-07-09_NG_World-Cup-Champion-Jersey-Prediction_Daily-Views.csv
Belgium vs Egypt Prediction,https://www.facebook.com/photo/?fbid=1315633207415659&set=a.566493105663010,Prediction campaign,Carlcare Service NG (NG),2026-06-25,2026-06-25 19:41,52599,23,27,Meta Business Suite Object Insights Views chart,2026-07-09_NG_Belgium-vs-Egypt-Prediction_Daily-Views.csv
England vs Croatia Prediction,https://www.facebook.com/photo/?fbid=1316694380642875&set=a.566493105663010,Prediction campaign,Carlcare Service NG (NG),2026-06-25,2026-06-25 00:50,48896,69,27,Meta Business Suite Object Insights Views chart,2026-07-09_NG_England-vs-Croatia-Prediction_Daily-Views.csv
England vs Ghana Prediction,https://www.facebook.com/photo?fbid=1322289080083405&set=a.566493105663010,Prediction campaign,Carlcare Service NG (NG),2026-06-25,2026-06-25 23:56,30278,1468,27,Meta Business Suite Object Insights Views chart,2026-07-09_NG_England-vs-Ghana-Prediction_Daily-Views.csv
Germany vs Ivory Coast Prediction,https://www.facebook.com/photo/?fbid=1319724130339900&set=a.566493105663010,Prediction campaign,Carlcare Service NG (NG),2026-06-25,2026-06-25 17:13,130737,390,27,Meta Business Suite Object Insights Views chart,2026-07-09_NG_Germany-vs-Ivory-Coast-Prediction_Daily-Views.csv
Predict & Win Winners Announcement - Jun 22,https://www.facebook.com/photo?fbid=1321568210155492&set=a.566493105663010,Winner announcement,Carlcare Service NG (NG),2026-06-25,2026-06-25 21:20,3299,229,27,Meta Business Suite Object Insights Views chart,2026-07-09_NG_Predict-Win-Winners-Announcement-Jun-22_Daily-Views.csv
World Cup Challenge Campaign Announcement,https://www.facebook.com/photo/?fbid=1311376824507964&set=a.566493105663010,Campaign announcement,Carlcare Service NG (NG),2026-06-25,2026-06-25 18:27,34504,15,27,Meta Business Suite Object Insights Views chart,2026-07-09_NG_World-Cup-Challenge-Campaign-Announcement_Daily-Views.csv
World Cup Champion Jersey Prediction,https://www.facebook.com/photo?fbid=1313160000996313&set=pcb.1313171187661861,Prediction campaign,Carlcare Service NG (NG),2026-06-25,2026-06-25 20:37,9098,82,27,Meta Business Suite Object Insights Views chart,2026-07-09_NG_World-Cup-Champion-Jersey-Prediction_Daily-Views.csv
Belgium vs Egypt Prediction,https://www.facebook.com/photo/?fbid=1315633207415659&set=a.566493105663010,Prediction campaign,Carlcare Service NG (NG),2026-06-26,2026-06-26 19:41,52619,20,527,Meta Business Suite Object Insights Views chart,2026-07-09_NG_Belgium-vs-Egypt-Prediction_Daily-Views.csv
Croatia vs Ghana Prediction,https://www.facebook.com/photo/?fbid=1324683706510609&set=a.566493105663010,Prediction campaign,Carlcare Service NG (NG),2026-06-26,2026-06-26 23:30,92150,92150,527,Meta Business Suite Object Insights Views chart,2026-07-09_NG_Croatia-vs-Ghana-Prediction_Daily-Views.csv
England vs Croatia Prediction,https://www.facebook.com/photo/?fbid=1316694380642875&set=a.566493105663010,Prediction campaign,Carlcare Service NG (NG),2026-06-26,2026-06-26 00:50,48963,67,527,Meta Business Suite Object Insights Views chart,2026-07-09_NG_England-vs-Croatia-Prediction_Daily-Views.csv
England vs Ghana Prediction,https://www.facebook.com/photo?fbid=1322289080083405&set=a.566493105663010,Prediction campaign,Carlcare Service NG (NG),2026-06-26,2026-06-26 23:56,30728,450,527,Meta Business Suite Object Insights Views chart,2026-07-09_NG_England-vs-Ghana-Prediction_Daily-Views.csv
Germany vs Ivory Coast Prediction,https://www.facebook.com/photo/?fbid=1319724130339900&set=a.566493105663010,Prediction campaign,Carlcare Service NG (NG),2026-06-26,2026-06-26 17:13,131046,309,527,Meta Business Suite Object Insights Views chart,2026-07-09_NG_Germany-vs-Ivory-Coast-Prediction_Daily-Views.csv
Predict & Win Winners Announcement - Jun 22,https://www.facebook.com/photo?fbid=1321568210155492&set=a.566493105663010,Winner announcement,Carlcare Service NG (NG),2026-06-26,2026-06-26 21:20,3406,107,527,Meta Business Suite Object Insights Views chart,2026-07-09_NG_Predict-Win-Winners-Announcement-Jun-22_Daily-Views.csv
World Cup Challenge Campaign Announcement,https://www.facebook.com/photo/?fbid=1311376824507964&set=a.566493105663010,Campaign announcement,Carlcare Service NG (NG),2026-06-26,2026-06-26 18:27,34519,15,527,Meta Business Suite Object Insights Views chart,2026-07-09_NG_World-Cup-Challenge-Campaign-Announcement_Daily-Views.csv
World Cup Champion Jersey Prediction,https://www.facebook.com/photo?fbid=1313160000996313&set=pcb.1313171187661861,Prediction campaign,Carlcare Service NG (NG),2026-06-26,2026-06-26 20:37,9270,172,527,Meta Business Suite Object Insights Views chart,2026-07-09_NG_World-Cup-Champion-Jersey-Prediction_Daily-Views.csv
Belgium vs Egypt Prediction,https://www.facebook.com/photo/?fbid=1315633207415659&set=a.566493105663010,Prediction campaign,Carlcare Service NG (NG),2026-06-27,2026-06-27 19:41,52638,19,20,Meta Business Suite Object Insights Views chart,2026-07-09_NG_Belgium-vs-Egypt-Prediction_Daily-Views.csv
Croatia vs Ghana Prediction,https://www.facebook.com/photo/?fbid=1324683706510609&set=a.566493105663010,Prediction campaign,Carlcare Service NG (NG),2026-06-27,2026-06-27 21:30,129675,37525,20,Meta Business Suite Object Insights Views chart,2026-07-09_NG_Croatia-vs-Ghana-Prediction_Daily-Views.csv
England vs Croatia Prediction,https://www.facebook.com/photo/?fbid=1316694380642875&set=a.566493105663010,Prediction campaign,Carlcare Service NG (NG),2026-06-27,2026-06-27 00:50,49003,40,20,Meta Business Suite Object Insights Views chart,2026-07-09_NG_England-vs-Croatia-Prediction_Daily-Views.csv
England vs Ghana Prediction,https://www.facebook.com/photo?fbid=1322289080083405&set=a.566493105663010,Prediction campaign,Carlcare Service NG (NG),2026-06-27,2026-06-27 17:56,30910,182,20,Meta Business Suite Object Insights Views chart,2026-07-09_NG_England-vs-Ghana-Prediction_Daily-Views.csv
Germany vs Ivory Coast Prediction,https://www.facebook.com/photo/?fbid=1319724130339900&set=a.566493105663010,Prediction campaign,Carlcare Service NG (NG),2026-06-27,2026-06-27 17:13,131233,187,20,Meta Business Suite Object Insights Views chart,2026-07-09_NG_Germany-vs-Ivory-Coast-Prediction_Daily-Views.csv
Predict & Win Winners Announcement - Jun 22,https://www.facebook.com/photo?fbid=1321568210155492&set=a.566493105663010,Winner announcement,Carlcare Service NG (NG),2026-06-27,2026-06-27 21:20,3506,100,20,Meta Business Suite Object Insights Views chart,2026-07-09_NG_Predict-Win-Winners-Announcement-Jun-22_Daily-Views.csv
World Cup Challenge Campaign Announcement,https://www.facebook.com/photo/?fbid=1311376824507964&set=a.566493105663010,Campaign announcement,Carlcare Service NG (NG),2026-06-27,2026-06-27 18:27,34523,4,20,Meta Business Suite Object Insights Views chart,2026-07-09_NG_World-Cup-Challenge-Campaign-Announcement_Daily-Views.csv
World Cup Champion Jersey Prediction,https://www.facebook.com/photo?fbid=1313160000996313&set=pcb.1313171187661861,Prediction campaign,Carlcare Service NG (NG),2026-06-27,2026-06-27 20:37,9354,84,20,Meta Business Suite Object Insights Views chart,2026-07-09_NG_World-Cup-Champion-Jersey-Prediction_Daily-Views.csv
Belgium vs Egypt Prediction,https://www.facebook.com/photo/?fbid=1315633207415659&set=a.566493105663010,Prediction campaign,Carlcare Service NG (NG),2026-06-28,2026-06-28 19:41,52647,9,17,Meta Business Suite Object Insights Views chart,2026-07-09_NG_Belgium-vs-Egypt-Prediction_Daily-Views.csv
Croatia vs Ghana Prediction,https://www.facebook.com/photo/?fbid=1324683706510609&set=a.566493105663010,Prediction campaign,Carlcare Service NG (NG),2026-06-28,2026-06-28 21:30,135403,5728,17,Meta Business Suite Object Insights Views chart,2026-07-09_NG_Croatia-vs-Ghana-Prediction_Daily-Views.csv
England vs Croatia Prediction,https://www.facebook.com/photo/?fbid=1316694380642875&set=a.566493105663010,Prediction campaign,Carlcare Service NG (NG),2026-06-28,2026-06-28 00:50,49029,26,17,Meta Business Suite Object Insights Views chart,2026-07-09_NG_England-vs-Croatia-Prediction_Daily-Views.csv
England vs Ghana Prediction,https://www.facebook.com/photo?fbid=1322289080083405&set=a.566493105663010,Prediction campaign,Carlcare Service NG (NG),2026-06-28,2026-06-28 17:56,31084,174,17,Meta Business Suite Object Insights Views chart,2026-07-09_NG_England-vs-Ghana-Prediction_Daily-Views.csv
Germany vs Ivory Coast Prediction,https://www.facebook.com/photo/?fbid=1319724130339900&set=a.566493105663010,Prediction campaign,Carlcare Service NG (NG),2026-06-28,2026-06-28 17:13,131363,130,17,Meta Business Suite Object Insights Views chart,2026-07-09_NG_Germany-vs-Ivory-Coast-Prediction_Daily-Views.csv
Predict & Win Winners Announcement - Jun 22,https://www.facebook.com/photo?fbid=1321568210155492&set=a.566493105663010,Winner announcement,Carlcare Service NG (NG),2026-06-28,2026-06-28 21:20,3540,34,17,Meta Business Suite Object Insights Views chart,2026-07-09_NG_Predict-Win-Winners-Announcement-Jun-22_Daily-Views.csv
World Cup Challenge Campaign Announcement,https://www.facebook.com/photo/?fbid=1311376824507964&set=a.566493105663010,Campaign announcement,Carlcare Service NG (NG),2026-06-28,2026-06-28 18:27,34525,2,17,Meta Business Suite Object Insights Views chart,2026-07-09_NG_World-Cup-Challenge-Campaign-Announcement_Daily-Views.csv
World Cup Champion Jersey Prediction,https://www.facebook.com/photo?fbid=1313160000996313&set=pcb.1313171187661861,Prediction campaign,Carlcare Service NG (NG),2026-06-28,2026-06-28 20:37,9442,88,17,Meta Business Suite Object Insights Views chart,2026-07-09_NG_World-Cup-Champion-Jersey-Prediction_Daily-Views.csv
Belgium vs Egypt Prediction,https://www.facebook.com/photo/?fbid=1315633207415659&set=a.566493105663010,Prediction campaign,Carlcare Service NG (NG),2026-06-29,2026-06-29 19:41,52656,9,28,Meta Business Suite Object Insights Views chart,2026-07-09_NG_Belgium-vs-Egypt-Prediction_Daily-Views.csv
Croatia vs Ghana Prediction,https://www.facebook.com/photo/?fbid=1324683706510609&set=a.566493105663010,Prediction campaign,Carlcare Service NG (NG),2026-06-29,2026-06-29 21:30,137986,2583,28,Meta Business Suite Object Insights Views chart,2026-07-09_NG_Croatia-vs-Ghana-Prediction_Daily-Views.csv
England vs Croatia Prediction,https://www.facebook.com/photo/?fbid=1316694380642875&set=a.566493105663010,Prediction campaign,Carlcare Service NG (NG),2026-06-29,2026-06-29 00:50,49049,20,28,Meta Business Suite Object Insights Views chart,2026-07-09_NG_England-vs-Croatia-Prediction_Daily-Views.csv
England vs Ghana Prediction,https://www.facebook.com/photo?fbid=1322289080083405&set=a.566493105663010,Prediction campaign,Carlcare Service NG (NG),2026-06-29,2026-06-29 17:56,31195,111,28,Meta Business Suite Object Insights Views chart,2026-07-09_NG_England-vs-Ghana-Prediction_Daily-Views.csv
Germany vs Ivory Coast Prediction,https://www.facebook.com/photo/?fbid=1319724130339900&set=a.566493105663010,Prediction campaign,Carlcare Service NG (NG),2026-06-29,2026-06-29 17:13,131456,93,28,Meta Business Suite Object Insights Views chart,2026-07-09_NG_Germany-vs-Ivory-Coast-Prediction_Daily-Views.csv
Predict & Win Winners Announcement - Jun 22,https://www.facebook.com/photo?fbid=1321568210155492&set=a.566493105663010,Winner announcement,Carlcare Service NG (NG),2026-06-29,2026-06-29 21:20,3566,26,28,Meta Business Suite Object Insights Views chart,2026-07-09_NG_Predict-Win-Winners-Announcement-Jun-22_Daily-Views.csv
World Cup Challenge Campaign Announcement,https://www.facebook.com/photo/?fbid=1311376824507964&set=a.566493105663010,Campaign announcement,Carlcare Service NG (NG),2026-06-29,2026-06-29 18:27,34526,1,28,Meta Business Suite Object Insights Views chart,2026-07-09_NG_World-Cup-Challenge-Campaign-Announcement_Daily-Views.csv
World Cup Champion Jersey Prediction,https://www.facebook.com/photo?fbid=1313160000996313&set=pcb.1313171187661861,Prediction campaign,Carlcare Service NG (NG),2026-06-29,2026-06-29 20:37,9521,79,28,Meta Business Suite Object Insights Views chart,2026-07-09_NG_World-Cup-Champion-Jersey-Prediction_Daily-Views.csv
Belgium vs Egypt Prediction,https://www.facebook.com/photo/?fbid=1315633207415659&set=a.566493105663010,Prediction campaign,Carlcare Service NG (NG),2026-06-30,2026-06-30 19:41,52666,10,314,Meta Business Suite Object Insights Views chart,2026-07-09_NG_Belgium-vs-Egypt-Prediction_Daily-Views.csv
Croatia vs Ghana Prediction,https://www.facebook.com/photo/?fbid=1324683706510609&set=a.566493105663010,Prediction campaign,Carlcare Service NG (NG),2026-06-30,2026-06-30 15:30,139262,1276,314,Meta Business Suite Object Insights Views chart,2026-07-09_NG_Croatia-vs-Ghana-Prediction_Daily-Views.csv
England vs Croatia Prediction,https://www.facebook.com/photo/?fbid=1316694380642875&set=a.566493105663010,Prediction campaign,Carlcare Service NG (NG),2026-06-30,2026-06-30 00:50,49083,34,314,Meta Business Suite Object Insights Views chart,2026-07-09_NG_England-vs-Croatia-Prediction_Daily-Views.csv
England vs Ghana Prediction,https://www.facebook.com/photo?fbid=1322289080083405&set=a.566493105663010,Prediction campaign,Carlcare Service NG (NG),2026-06-30,2026-06-30 17:56,31285,90,314,Meta Business Suite Object Insights Views chart,2026-07-09_NG_England-vs-Ghana-Prediction_Daily-Views.csv
Germany vs Ivory Coast Prediction,https://www.facebook.com/photo/?fbid=1319724130339900&set=a.566493105663010,Prediction campaign,Carlcare Service NG (NG),2026-06-30,2026-06-30 17:13,131532,76,314,Meta Business Suite Object Insights Views chart,2026-07-09_NG_Germany-vs-Ivory-Coast-Prediction_Daily-Views.csv
Norway vs Ivory Coast Prediction,https://www.facebook.com/photo?fbid=1328097619502551&set=a.566493105663010,Prediction campaign,Carlcare Service NG (NG),2026-06-30,2026-06-30 23:30,38005,38005,314,Meta Business Suite Object Insights Views chart,2026-07-09_NG_Norway-vs-Ivory-Coast-Prediction_Daily-Views.csv
Predict & Win Winners Announcement - Jun 22,https://www.facebook.com/photo?fbid=1321568210155492&set=a.566493105663010,Winner announcement,Carlcare Service NG (NG),2026-06-30,2026-06-30 21:20,3601,35,314,Meta Business Suite Object Insights Views chart,2026-07-09_NG_Predict-Win-Winners-Announcement-Jun-22_Daily-Views.csv
World Cup Challenge Campaign Announcement,https://www.facebook.com/photo/?fbid=1311376824507964&set=a.566493105663010,Campaign announcement,Carlcare Service NG (NG),2026-06-30,2026-06-30 18:27,34536,10,314,Meta Business Suite Object Insights Views chart,2026-07-09_NG_World-Cup-Challenge-Campaign-Announcement_Daily-Views.csv
World Cup Champion Jersey Prediction,https://www.facebook.com/photo?fbid=1313160000996313&set=pcb.1313171187661861,Prediction campaign,Carlcare Service NG (NG),2026-06-30,2026-06-30 20:37,9674,153,314,Meta Business Suite Object Insights Views chart,2026-07-09_NG_World-Cup-Champion-Jersey-Prediction_Daily-Views.csv
Belgium vs Egypt Prediction,https://www.facebook.com/photo/?fbid=1315633207415659&set=a.566493105663010,Prediction campaign,Carlcare Service NG (NG),2026-07-01,2026-07-01 19:41,52679,13,29,Meta Business Suite Object Insights Views chart,2026-07-09_NG_Belgium-vs-Egypt-Prediction_Daily-Views.csv
Croatia vs Ghana Prediction,https://www.facebook.com/photo/?fbid=1324683706510609&set=a.566493105663010,Prediction campaign,Carlcare Service NG (NG),2026-07-01,2026-07-01 15:30,140348,1086,29,Meta Business Suite Object Insights Views chart,2026-07-09_NG_Croatia-vs-Ghana-Prediction_Daily-Views.csv
England vs Croatia Prediction,https://www.facebook.com/photo/?fbid=1316694380642875&set=a.566493105663010,Prediction campaign,Carlcare Service NG (NG),2026-07-01,2026-07-01 00:50,49108,25,29,Meta Business Suite Object Insights Views chart,2026-07-09_NG_England-vs-Croatia-Prediction_Daily-Views.csv
England vs Ghana Prediction,https://www.facebook.com/photo?fbid=1322289080083405&set=a.566493105663010,Prediction campaign,Carlcare Service NG (NG),2026-07-01,2026-07-01 17:56,31385,100,29,Meta Business Suite Object Insights Views chart,2026-07-09_NG_England-vs-Ghana-Prediction_Daily-Views.csv
Germany vs Ivory Coast Prediction,https://www.facebook.com/photo/?fbid=1319724130339900&set=a.566493105663010,Prediction campaign,Carlcare Service NG (NG),2026-07-01,2026-07-01 17:13,131626,94,29,Meta Business Suite Object Insights Views chart,2026-07-09_NG_Germany-vs-Ivory-Coast-Prediction_Daily-Views.csv
Norway vs Ivory Coast Prediction,https://www.facebook.com/photo?fbid=1328097619502551&set=a.566493105663010,Prediction campaign,Carlcare Service NG (NG),2026-07-01,2026-07-01 21:30,51586,13581,29,Meta Business Suite Object Insights Views chart,2026-07-09_NG_Norway-vs-Ivory-Coast-Prediction_Daily-Views.csv
Predict & Win Winners Announcement - Jul 1,https://www.facebook.com/photo?fbid=1329050272740619&set=a.566493105663010,Winner announcement,Carlcare Service NG (NG),2026-07-01,2026-07-01 23:53,2031,2031,29,Meta Business Suite Object Insights Views chart,2026-07-09_NG_Predict-Win-Winners-Announcement-Jul-1_Daily-Views.csv
Predict & Win Winners Announcement - Jun 22,https://www.facebook.com/photo?fbid=1321568210155492&set=a.566493105663010,Winner announcement,Carlcare Service NG (NG),2026-07-01,2026-07-01 21:20,3641,40,29,Meta Business Suite Object Insights Views chart,2026-07-09_NG_Predict-Win-Winners-Announcement-Jun-22_Daily-Views.csv
World Cup Challenge Campaign Announcement,https://www.facebook.com/photo/?fbid=1311376824507964&set=a.566493105663010,Campaign announcement,Carlcare Service NG (NG),2026-07-01,2026-07-01 18:27,34539,3,29,Meta Business Suite Object Insights Views chart,2026-07-09_NG_World-Cup-Challenge-Campaign-Announcement_Daily-Views.csv
World Cup Champion Jersey Prediction,https://www.facebook.com/photo?fbid=1313160000996313&set=pcb.1313171187661861,Prediction campaign,Carlcare Service NG (NG),2026-07-01,2026-07-01 20:37,9847,173,29,Meta Business Suite Object Insights Views chart,2026-07-09_NG_World-Cup-Champion-Jersey-Prediction_Daily-Views.csv
Belgium vs Egypt Prediction,https://www.facebook.com/photo/?fbid=1315633207415659&set=a.566493105663010,Prediction campaign,Carlcare Service NG (NG),2026-07-02,2026-07-02 19:41,52685,6,28,Meta Business Suite Object Insights Views chart,2026-07-09_NG_Belgium-vs-Egypt-Prediction_Daily-Views.csv
Croatia vs Ghana Prediction,https://www.facebook.com/photo/?fbid=1324683706510609&set=a.566493105663010,Prediction campaign,Carlcare Service NG (NG),2026-07-02,2026-07-02 15:30,141188,840,28,Meta Business Suite Object Insights Views chart,2026-07-09_NG_Croatia-vs-Ghana-Prediction_Daily-Views.csv
England vs Croatia Prediction,https://www.facebook.com/photo/?fbid=1316694380642875&set=a.566493105663010,Prediction campaign,Carlcare Service NG (NG),2026-07-02,2026-07-02 00:50,49137,29,28,Meta Business Suite Object Insights Views chart,2026-07-09_NG_England-vs-Croatia-Prediction_Daily-Views.csv
England vs Ghana Prediction,https://www.facebook.com/photo?fbid=1322289080083405&set=a.566493105663010,Prediction campaign,Carlcare Service NG (NG),2026-07-02,2026-07-02 17:56,31463,78,28,Meta Business Suite Object Insights Views chart,2026-07-09_NG_England-vs-Ghana-Prediction_Daily-Views.csv
Germany vs Ivory Coast Prediction,https://www.facebook.com/photo/?fbid=1319724130339900&set=a.566493105663010,Prediction campaign,Carlcare Service NG (NG),2026-07-02,2026-07-02 17:13,131664,38,28,Meta Business Suite Object Insights Views chart,2026-07-09_NG_Germany-vs-Ivory-Coast-Prediction_Daily-Views.csv
Norway vs Ivory Coast Prediction,https://www.facebook.com/photo?fbid=1328097619502551&set=a.566493105663010,Prediction campaign,Carlcare Service NG (NG),2026-07-02,2026-07-02 21:30,54090,2504,28,Meta Business Suite Object Insights Views chart,2026-07-09_NG_Norway-vs-Ivory-Coast-Prediction_Daily-Views.csv
Predict & Win Winners Announcement - Jul 1,https://www.facebook.com/photo?fbid=1329050272740619&set=a.566493105663010,Winner announcement,Carlcare Service NG (NG),2026-07-02,2026-07-02 23:53,4633,2602,28,Meta Business Suite Object Insights Views chart,2026-07-09_NG_Predict-Win-Winners-Announcement-Jul-1_Daily-Views.csv
Predict & Win Winners Announcement - Jun 22,https://www.facebook.com/photo?fbid=1321568210155492&set=a.566493105663010,Winner announcement,Carlcare Service NG (NG),2026-07-02,2026-07-02 21:20,3670,29,28,Meta Business Suite Object Insights Views chart,2026-07-09_NG_Predict-Win-Winners-Announcement-Jun-22_Daily-Views.csv
World Cup Champion Jersey Prediction,https://www.facebook.com/photo?fbid=1313160000996313&set=pcb.1313171187661861,Prediction campaign,Carlcare Service NG (NG),2026-07-02,2026-07-02 20:37,9958,111,28,Meta Business Suite Object Insights Views chart,2026-07-09_NG_World-Cup-Champion-Jersey-Prediction_Daily-Views.csv
Belgium vs Egypt Prediction,https://www.facebook.com/photo/?fbid=1315633207415659&set=a.566493105663010,Prediction campaign,Carlcare Service NG (NG),2026-07-03,2026-07-03 19:41,52691,6,24,Meta Business Suite Object Insights Views chart,2026-07-09_NG_Belgium-vs-Egypt-Prediction_Daily-Views.csv
Croatia vs Ghana Prediction,https://www.facebook.com/photo/?fbid=1324683706510609&set=a.566493105663010,Prediction campaign,Carlcare Service NG (NG),2026-07-03,2026-07-03 15:30,141646,458,24,Meta Business Suite Object Insights Views chart,2026-07-09_NG_Croatia-vs-Ghana-Prediction_Daily-Views.csv
England vs Croatia Prediction,https://www.facebook.com/photo/?fbid=1316694380642875&set=a.566493105663010,Prediction campaign,Carlcare Service NG (NG),2026-07-03,2026-07-03 00:50,49151,14,24,Meta Business Suite Object Insights Views chart,2026-07-09_NG_England-vs-Croatia-Prediction_Daily-Views.csv
England vs Ghana Prediction,https://www.facebook.com/photo?fbid=1322289080083405&set=a.566493105663010,Prediction campaign,Carlcare Service NG (NG),2026-07-03,2026-07-03 17:56,31529,66,24,Meta Business Suite Object Insights Views chart,2026-07-09_NG_England-vs-Ghana-Prediction_Daily-Views.csv
Germany vs Ivory Coast Prediction,https://www.facebook.com/photo/?fbid=1319724130339900&set=a.566493105663010,Prediction campaign,Carlcare Service NG (NG),2026-07-03,2026-07-03 17:13,131689,25,24,Meta Business Suite Object Insights Views chart,2026-07-09_NG_Germany-vs-Ivory-Coast-Prediction_Daily-Views.csv
Norway vs Ivory Coast Prediction,https://www.facebook.com/photo?fbid=1328097619502551&set=a.566493105663010,Prediction campaign,Carlcare Service NG (NG),2026-07-03,2026-07-03 21:30,55100,1010,24,Meta Business Suite Object Insights Views chart,2026-07-09_NG_Norway-vs-Ivory-Coast-Prediction_Daily-Views.csv
Predict & Win Winners Announcement - Jul 1,https://www.facebook.com/photo?fbid=1329050272740619&set=a.566493105663010,Winner announcement,Carlcare Service NG (NG),2026-07-03,2026-07-03 23:53,6032,1399,24,Meta Business Suite Object Insights Views chart,2026-07-09_NG_Predict-Win-Winners-Announcement-Jul-1_Daily-Views.csv
Predict & Win Winners Announcement - Jun 22,https://www.facebook.com/photo?fbid=1321568210155492&set=a.566493105663010,Winner announcement,Carlcare Service NG (NG),2026-07-03,2026-07-03 21:20,3684,14,24,Meta Business Suite Object Insights Views chart,2026-07-09_NG_Predict-Win-Winners-Announcement-Jun-22_Daily-Views.csv
World Cup Champion Jersey Prediction,https://www.facebook.com/photo?fbid=1313160000996313&set=pcb.1313171187661861,Prediction campaign,Carlcare Service NG (NG),2026-07-03,2026-07-03 20:37,10014,56,24,Meta Business Suite Object Insights Views chart,2026-07-09_NG_World-Cup-Champion-Jersey-Prediction_Daily-Views.csv
Belgium vs Egypt Prediction,https://www.facebook.com/photo/?fbid=1315633207415659&set=a.566493105663010,Prediction campaign,Carlcare Service NG (NG),2026-07-04,2026-07-04 19:41,52700,9,572,Meta Business Suite Object Insights Views chart,2026-07-09_NG_Belgium-vs-Egypt-Prediction_Daily-Views.csv
Brazil vs Norway Prediction,https://www.facebook.com/photo?fbid=1331639152481731&set=a.566493105663010,Prediction campaign,Carlcare Service NG (NG),2026-07-04,2026-07-04 23:30,38933,38933,572,Meta Business Suite Object Insights Views chart,2026-07-09_NG_Brazil-vs-Norway-Prediction_Daily-Views.csv
Croatia vs Ghana Prediction,https://www.facebook.com/photo/?fbid=1324683706510609&set=a.566493105663010,Prediction campaign,Carlcare Service NG (NG),2026-07-04,2026-07-04 15:30,142009,363,572,Meta Business Suite Object Insights Views chart,2026-07-09_NG_Croatia-vs-Ghana-Prediction_Daily-Views.csv
England vs Croatia Prediction,https://www.facebook.com/photo/?fbid=1316694380642875&set=a.566493105663010,Prediction campaign,Carlcare Service NG (NG),2026-07-04,2026-07-04 00:50,49165,14,572,Meta Business Suite Object Insights Views chart,2026-07-09_NG_England-vs-Croatia-Prediction_Daily-Views.csv
England vs Ghana Prediction,https://www.facebook.com/photo?fbid=1322289080083405&set=a.566493105663010,Prediction campaign,Carlcare Service NG (NG),2026-07-04,2026-07-04 17:56,31642,113,572,Meta Business Suite Object Insights Views chart,2026-07-09_NG_England-vs-Ghana-Prediction_Daily-Views.csv
Germany vs Ivory Coast Prediction,https://www.facebook.com/photo/?fbid=1319724130339900&set=a.566493105663010,Prediction campaign,Carlcare Service NG (NG),2026-07-04,2026-07-04 17:13,131711,22,572,Meta Business Suite Object Insights Views chart,2026-07-09_NG_Germany-vs-Ivory-Coast-Prediction_Daily-Views.csv
Norway vs Ivory Coast Prediction,https://www.facebook.com/photo?fbid=1328097619502551&set=a.566493105663010,Prediction campaign,Carlcare Service NG (NG),2026-07-04,2026-07-04 15:30,55408,308,572,Meta Business Suite Object Insights Views chart,2026-07-09_NG_Norway-vs-Ivory-Coast-Prediction_Daily-Views.csv
Predict & Win Winners Announcement - Jul 1,https://www.facebook.com/photo?fbid=1329050272740619&set=a.566493105663010,Winner announcement,Carlcare Service NG (NG),2026-07-04,2026-07-04 23:53,6486,454,572,Meta Business Suite Object Insights Views chart,2026-07-09_NG_Predict-Win-Winners-Announcement-Jul-1_Daily-Views.csv
Predict & Win Winners Announcement - Jun 22,https://www.facebook.com/photo?fbid=1321568210155492&set=a.566493105663010,Winner announcement,Carlcare Service NG (NG),2026-07-04,2026-07-04 21:20,3697,13,572,Meta Business Suite Object Insights Views chart,2026-07-09_NG_Predict-Win-Winners-Announcement-Jun-22_Daily-Views.csv
Belgium vs Egypt Prediction,https://www.facebook.com/photo/?fbid=1315633207415659&set=a.566493105663010,Prediction campaign,Carlcare Service NG (NG),2026-07-05,2026-07-05 19:41,52708,8,114,Meta Business Suite Object Insights Views chart,2026-07-09_NG_Belgium-vs-Egypt-Prediction_Daily-Views.csv
Brazil vs Norway Prediction,https://www.facebook.com/photo?fbid=1331639152481731&set=a.566493105663010,Prediction campaign,Carlcare Service NG (NG),2026-07-05,2026-07-05 23:00,84746,45813,114,Meta Business Suite Object Insights Views chart,2026-07-09_NG_Brazil-vs-Norway-Prediction_Daily-Views.csv
Croatia vs Ghana Prediction,https://www.facebook.com/photo/?fbid=1324683706510609&set=a.566493105663010,Prediction campaign,Carlcare Service NG (NG),2026-07-05,2026-07-05 15:30,142235,226,114,Meta Business Suite Object Insights Views chart,2026-07-09_NG_Croatia-vs-Ghana-Prediction_Daily-Views.csv
England vs Croatia Prediction,https://www.facebook.com/photo/?fbid=1316694380642875&set=a.566493105663010,Prediction campaign,Carlcare Service NG (NG),2026-07-05,2026-07-05 00:50,49177,12,114,Meta Business Suite Object Insights Views chart,2026-07-09_NG_England-vs-Croatia-Prediction_Daily-Views.csv
England vs Ghana Prediction,https://www.facebook.com/photo?fbid=1322289080083405&set=a.566493105663010,Prediction campaign,Carlcare Service NG (NG),2026-07-05,2026-07-05 17:56,31694,52,114,Meta Business Suite Object Insights Views chart,2026-07-09_NG_England-vs-Ghana-Prediction_Daily-Views.csv
Germany vs Ivory Coast Prediction,https://www.facebook.com/photo/?fbid=1319724130339900&set=a.566493105663010,Prediction campaign,Carlcare Service NG (NG),2026-07-05,2026-07-05 17:13,131739,28,114,Meta Business Suite Object Insights Views chart,2026-07-09_NG_Germany-vs-Ivory-Coast-Prediction_Daily-Views.csv
Norway vs Ivory Coast Prediction,https://www.facebook.com/photo?fbid=1328097619502551&set=a.566493105663010,Prediction campaign,Carlcare Service NG (NG),2026-07-05,2026-07-05 15:30,55697,289,114,Meta Business Suite Object Insights Views chart,2026-07-09_NG_Norway-vs-Ivory-Coast-Prediction_Daily-Views.csv
Predict & Win Winners Announcement - Jul 1,https://www.facebook.com/photo?fbid=1329050272740619&set=a.566493105663010,Winner announcement,Carlcare Service NG (NG),2026-07-05,2026-07-05 17:53,6631,145,114,Meta Business Suite Object Insights Views chart,2026-07-09_NG_Predict-Win-Winners-Announcement-Jul-1_Daily-Views.csv
Predict & Win Winners Announcement - Jun 22,https://www.facebook.com/photo?fbid=1321568210155492&set=a.566493105663010,Winner announcement,Carlcare Service NG (NG),2026-07-05,2026-07-05 21:20,3718,21,114,Meta Business Suite Object Insights Views chart,2026-07-09_NG_Predict-Win-Winners-Announcement-Jun-22_Daily-Views.csv
Belgium vs Egypt Prediction,https://www.facebook.com/photo/?fbid=1315633207415659&set=a.566493105663010,Prediction campaign,Carlcare Service NG (NG),2026-07-06,2026-07-06 19:41,52712,4,367,Meta Business Suite Object Insights Views chart,2026-07-09_NG_Belgium-vs-Egypt-Prediction_Daily-Views.csv
Brazil vs Norway Prediction,https://www.facebook.com/photo?fbid=1331639152481731&set=a.566493105663010,Prediction campaign,Carlcare Service NG (NG),2026-07-06,2026-07-06 23:00,90479,5733,367,Meta Business Suite Object Insights Views chart,2026-07-09_NG_Brazil-vs-Norway-Prediction_Daily-Views.csv
Croatia vs Ghana Prediction,https://www.facebook.com/photo/?fbid=1324683706510609&set=a.566493105663010,Prediction campaign,Carlcare Service NG (NG),2026-07-06,2026-07-06 15:30,142404,169,367,Meta Business Suite Object Insights Views chart,2026-07-09_NG_Croatia-vs-Ghana-Prediction_Daily-Views.csv
England vs Croatia Prediction,https://www.facebook.com/photo/?fbid=1316694380642875&set=a.566493105663010,Prediction campaign,Carlcare Service NG (NG),2026-07-06,2026-07-06 00:50,49186,9,367,Meta Business Suite Object Insights Views chart,2026-07-09_NG_England-vs-Croatia-Prediction_Daily-Views.csv
England vs Ghana Prediction,https://www.facebook.com/photo?fbid=1322289080083405&set=a.566493105663010,Prediction campaign,Carlcare Service NG (NG),2026-07-06,2026-07-06 17:56,31717,23,367,Meta Business Suite Object Insights Views chart,2026-07-09_NG_England-vs-Ghana-Prediction_Daily-Views.csv
Germany vs Ivory Coast Prediction,https://www.facebook.com/photo/?fbid=1319724130339900&set=a.566493105663010,Prediction campaign,Carlcare Service NG (NG),2026-07-06,2026-07-06 17:13,131757,18,367,Meta Business Suite Object Insights Views chart,2026-07-09_NG_Germany-vs-Ivory-Coast-Prediction_Daily-Views.csv
Norway vs Ivory Coast Prediction,https://www.facebook.com/photo?fbid=1328097619502551&set=a.566493105663010,Prediction campaign,Carlcare Service NG (NG),2026-07-06,2026-07-06 15:30,55859,162,367,Meta Business Suite Object Insights Views chart,2026-07-09_NG_Norway-vs-Ivory-Coast-Prediction_Daily-Views.csv
Portugal vs Spain Prediction,https://www.facebook.com/photo/?fbid=1333383552307291&set=a.566493105663010,Prediction campaign,Carlcare Service NG (NG),2026-07-06,2026-07-06 23:50,57805,57805,367,Meta Business Suite Object Insights Views chart,2026-07-09_NG_Portugal-vs-Spain-Prediction_Daily-Views.csv
Predict & Win Winners Announcement - Jul 1,https://www.facebook.com/photo?fbid=1329050272740619&set=a.566493105663010,Winner announcement,Carlcare Service NG (NG),2026-07-06,2026-07-06 17:53,6723,92,367,Meta Business Suite Object Insights Views chart,2026-07-09_NG_Predict-Win-Winners-Announcement-Jul-1_Daily-Views.csv
Predict & Win Winners Announcement - Jun 22,https://www.facebook.com/photo?fbid=1321568210155492&set=a.566493105663010,Winner announcement,Carlcare Service NG (NG),2026-07-06,2026-07-06 21:20,3720,2,367,Meta Business Suite Object Insights Views chart,2026-07-09_NG_Predict-Win-Winners-Announcement-Jun-22_Daily-Views.csv
Brazil vs Norway Prediction,https://www.facebook.com/photo?fbid=1331639152481731&set=a.566493105663010,Prediction campaign,Carlcare Service NG (NG),2026-07-07,2026-07-07 23:00,91897,1418,33,Meta Business Suite Object Insights Views chart,2026-07-09_NG_Brazil-vs-Norway-Prediction_Daily-Views.csv
Croatia vs Ghana Prediction,https://www.facebook.com/photo/?fbid=1324683706510609&set=a.566493105663010,Prediction campaign,Carlcare Service NG (NG),2026-07-07,2026-07-07 15:30,142566,162,33,Meta Business Suite Object Insights Views chart,2026-07-09_NG_Croatia-vs-Ghana-Prediction_Daily-Views.csv
England vs Croatia Prediction,https://www.facebook.com/photo/?fbid=1316694380642875&set=a.566493105663010,Prediction campaign,Carlcare Service NG (NG),2026-07-07,2026-07-07 00:50,49202,16,33,Meta Business Suite Object Insights Views chart,2026-07-09_NG_England-vs-Croatia-Prediction_Daily-Views.csv
England vs Ghana Prediction,https://www.facebook.com/photo?fbid=1322289080083405&set=a.566493105663010,Prediction campaign,Carlcare Service NG (NG),2026-07-07,2026-07-07 17:56,31739,22,33,Meta Business Suite Object Insights Views chart,2026-07-09_NG_England-vs-Ghana-Prediction_Daily-Views.csv
Germany vs Ivory Coast Prediction,https://www.facebook.com/photo/?fbid=1319724130339900&set=a.566493105663010,Prediction campaign,Carlcare Service NG (NG),2026-07-07,2026-07-07 17:13,131768,11,33,Meta Business Suite Object Insights Views chart,2026-07-09_NG_Germany-vs-Ivory-Coast-Prediction_Daily-Views.csv
Norway vs Ivory Coast Prediction,https://www.facebook.com/photo?fbid=1328097619502551&set=a.566493105663010,Prediction campaign,Carlcare Service NG (NG),2026-07-07,2026-07-07 15:30,56006,147,33,Meta Business Suite Object Insights Views chart,2026-07-09_NG_Norway-vs-Ivory-Coast-Prediction_Daily-Views.csv
Portugal vs Spain Prediction,https://www.facebook.com/photo/?fbid=1333383552307291&set=a.566493105663010,Prediction campaign,Carlcare Service NG (NG),2026-07-07,2026-07-07 23:20,78184,20379,33,Meta Business Suite Object Insights Views chart,2026-07-09_NG_Portugal-vs-Spain-Prediction_Daily-Views.csv
Predict & Win Winners Announcement - Jul 1,https://www.facebook.com/photo?fbid=1329050272740619&set=a.566493105663010,Winner announcement,Carlcare Service NG (NG),2026-07-07,2026-07-07 17:53,6787,64,33,Meta Business Suite Object Insights Views chart,2026-07-09_NG_Predict-Win-Winners-Announcement-Jul-1_Daily-Views.csv
Predict & Win Winners Announcement - Jun 22,https://www.facebook.com/photo?fbid=1321568210155492&set=a.566493105663010,Winner announcement,Carlcare Service NG (NG),2026-07-07,2026-07-07 21:20,3727,7,33,Meta Business Suite Object Insights Views chart,2026-07-09_NG_Predict-Win-Winners-Announcement-Jun-22_Daily-Views.csv
Brazil vs Norway Prediction,https://www.facebook.com/photo?fbid=1331639152481731&set=a.566493105663010,Prediction campaign,Carlcare Service NG (NG),2026-07-08,2026-07-08 17:00,92337,440,14,Meta Business Suite Object Insights Views chart,2026-07-09_NG_Brazil-vs-Norway-Prediction_Daily-Views.csv
Croatia vs Ghana Prediction,https://www.facebook.com/photo/?fbid=1324683706510609&set=a.566493105663010,Prediction campaign,Carlcare Service NG (NG),2026-07-08,2026-07-08 15:30,142692,126,14,Meta Business Suite Object Insights Views chart,2026-07-09_NG_Croatia-vs-Ghana-Prediction_Daily-Views.csv
England vs Croatia Prediction,https://www.facebook.com/photo/?fbid=1316694380642875&set=a.566493105663010,Prediction campaign,Carlcare Service NG (NG),2026-07-08,2026-07-08 00:50,49212,10,14,Meta Business Suite Object Insights Views chart,2026-07-09_NG_England-vs-Croatia-Prediction_Daily-Views.csv
England vs Ghana Prediction,https://www.facebook.com/photo?fbid=1322289080083405&set=a.566493105663010,Prediction campaign,Carlcare Service NG (NG),2026-07-08,2026-07-08 17:56,31770,31,14,Meta Business Suite Object Insights Views chart,2026-07-09_NG_England-vs-Ghana-Prediction_Daily-Views.csv
Germany vs Ivory Coast Prediction,https://www.facebook.com/photo/?fbid=1319724130339900&set=a.566493105663010,Prediction campaign,Carlcare Service NG (NG),2026-07-08,2026-07-08 17:13,131787,19,14,Meta Business Suite Object Insights Views chart,2026-07-09_NG_Germany-vs-Ivory-Coast-Prediction_Daily-Views.csv
Norway vs Ivory Coast Prediction,https://www.facebook.com/photo?fbid=1328097619502551&set=a.566493105663010,Prediction campaign,Carlcare Service NG (NG),2026-07-08,2026-07-08 15:30,56100,94,14,Meta Business Suite Object Insights Views chart,2026-07-09_NG_Norway-vs-Ivory-Coast-Prediction_Daily-Views.csv
Portugal vs Spain Prediction,https://www.facebook.com/photo/?fbid=1333383552307291&set=a.566493105663010,Prediction campaign,Carlcare Service NG (NG),2026-07-08,2026-07-08 23:20,80472,2288,14,Meta Business Suite Object Insights Views chart,2026-07-09_NG_Portugal-vs-Spain-Prediction_Daily-Views.csv
Predict & Win Winners Announcement - Jul 1,https://www.facebook.com/photo?fbid=1329050272740619&set=a.566493105663010,Winner announcement,Carlcare Service NG (NG),2026-07-08,2026-07-08 17:53,6827,40,14,Meta Business Suite Object Insights Views chart,2026-07-09_NG_Predict-Win-Winners-Announcement-Jul-1_Daily-Views.csv
Predict & Win Winners Announcement - Jun 22,https://www.facebook.com/photo?fbid=1321568210155492&set=a.566493105663010,Winner announcement,Carlcare Service NG (NG),2026-07-08,2026-07-08 21:20,3732,5,14,Meta Business Suite Object Insights Views chart,2026-07-09_NG_Predict-Win-Winners-Announcement-Jun-22_Daily-Views.csv
Brazil vs Norway Prediction,https://www.facebook.com/photo?fbid=1331639152481731&set=a.566493105663010,Prediction campaign,Carlcare Service NG (NG),2026-07-09,2026-07-09 05:00,92598,261,0,Meta Business Suite Object Insights Views chart,2026-07-09_NG_Brazil-vs-Norway-Prediction_Daily-Views.csv
Portugal vs Spain Prediction,https://www.facebook.com/photo/?fbid=1333383552307291&set=a.566493105663010,Prediction campaign,Carlcare Service NG (NG),2026-07-09,2026-07-09 11:20,80988,516,0,Meta Business Suite Object Insights Views chart,2026-07-09_NG_Portugal-vs-Spain-Prediction_Daily-Views.csv
